pixel_x_250m,pixel_y_250m,depth_bin_10cm,observed_SOC_pct,predicted_SOC_pct,lower_90,upper_90,n_horizons
-54956,22324,0,5.22466663519541,3.6064241166666666,0.6202807263290405,6.592567507004293,6
-54956,22324,2,3.6613333225250195,2.2143596000000003,0.3158631311381024,4.112856068861898,3
-54956,22324,5,1.5386666854222568,0.9268489,0.010600479125722225,1.8430973208742778,3
-54956,22324,8,0.5279999872048634,0.5256359166666666,0.0,1.1705068734054564,3
-54928,22434,0,4.319000045458472,4.4322614499999995,1.666407091326904,7.198115808673095,6
-54928,22434,2,3.0353333950042694,3.7390177,1.165145610614014,6.312889789385987,3
-54928,22434,4,1.7093333005905098,1.6807138000000001,0.1086577449310302,3.2527698550689697,3
-54928,22434,7,1.2330000201861033,0.8764857,0.0,1.7757513469345092,3
-54919,22129,0,3.5839999914169303,2.4429688,0.15929492166900627,4.736810758045959,2
-54919,22129,1,3.64800000190734,1.8755485,0.39785005467987067,3.3532469453201292,1
-54919,22129,3,2.51399993896484,1.3987205,0.11513971997070316,2.682301280029297,1
-54919,22129,5,1.19000005722045,0.73288614,0.0,1.4877562567106628,1
-54919,22129,8,0.57999998331069,0.36262593,0.0,0.800073656726532,1
-54919,22130,0,3.2772499918937648,2.5384373,0.19768767860870362,4.879186921391296,4
-54919,22130,1,2.940000057220455,1.8697467,0.4642737061492921,3.2752196938507083,2
-54919,22130,3,2.2444999217987,1.4140556,0.12959767801818844,2.6985135219818117,2
-54919,22130,5,1.201499998569485,0.7116454,0.0,1.4672460312370301,2
-54919,22130,8,0.636500000953665,0.36182353,0.0,0.8024632940705109,2
-54902,22257,0,3.8721666336059517,3.593745033333333,0.8283529682851155,6.359137098381551,6
-54902,22257,1,3.7239999771118106,2.916558633333333,0.5679102441528321,5.2652070225138345,3
-54902,22257,3,2.4056665897369367,1.6157938333333333,0.07648886163838704,3.1550988050282793,3
-54902,22257,7,0.8029999931653299,0.7207621999999999,0.0,1.526583916785431,3
-54890,22321,0,2.8183333476384433,2.4961747,0.3848557541152955,4.607493645884705,6
-54890,22321,2,1.4390000104904133,2.0145926,0.5349163533569334,3.4942688466430663,3
-54890,22321,5,0.6713333328564933,0.87569314,0.08982079979766844,1.6615654802023316,3
-54890,22321,8,0.44966665903726666,0.5134695,0.0,1.0648151463813782,3
-54890,22321,9,0.4876666764418232,0.4382972,0.0,0.9420018074867249,3
-54865,22530,0,2.2023333708445185,3.0839900666666664,0.012813846354166639,6.284218718031311,6
-54865,22530,2,1.7693332831064834,1.6777796333333335,0.004102270355224628,3.4294395432174682,3
-54865,22530,4,0.9389999707539833,0.7645530100000001,0.0,1.8001973425678506,3
-54865,22530,7,0.5333333313465066,0.51566843,0.0,1.3781414807532755,3
-54865,22530,8,0.2886666705210966,0.37809325,0.0,1.0905895902748108,3
-54865,22532,0,2.5309999982515934,2.2832905,0.5178273862152099,4.04875361378479,6
-54865,22532,2,1.2620000044504767,1.3092256,0.18778721594390868,2.4306639840560913,3
-54865,22532,6,0.5456666648387833,0.57944524,0.015267130830993625,1.1436233491690064,3
-54865,22532,8,0.3169999917348167,0.38204785999999996,0.0,0.7668222170804596,3
-54831,22517,0,2.426500002543127,2.410364216666667,0.2783968906613668,4.542331542671967,6
-54831,22517,1,2.2756667137145965,1.4442459,0.23220253515726733,2.6562892648427328,3
-54831,22517,4,1.7726666927337602,0.8784537566666666,0.003900154457092279,1.7643417371277872,3
-54831,22517,6,1.22000000874201,0.49571898,0.0,1.023528778717499,3
-54831,22517,8,0.6369999845822599,0.30859056,0.0,0.71553316597229,3
-54828,22509,0,3.477000077565505,3.08928395,0.44130147185821533,5.737266428141784,6
-54828,22509,3,1.8919999996821033,1.681299,0.18441620371246348,3.178181796287537,3
-54828,22509,6,1.2106666564941369,0.63100463,0.0,1.282631395727997,3
-54828,22509,8,0.94666665792465,0.40369213,0.0,0.9160466827458191,3
-54801,22643,0,2.9173333644866886,3.41401275,0.8195978005828857,6.008427699417115,6
-54801,22643,1,2.09699996312459,2.1185658,0.5484324715621947,3.6886991284378055,3
-54801,22643,3,1.6589999993642133,1.2836398,0.10826612656097412,2.459013473439026,3
-54801,22643,5,1.1676666736602732,0.76892453,0.04138445422103887,1.4964646057789615,3
-54801,22643,8,1.14466669162114,0.51375127,0.0,1.0580260769763183,3
-54797,22564,0,1.62850000460942,2.0838774,0.5183019195388794,3.6494528804611206,6
-54797,22564,1,1.47466663519541,1.6712264,0.45212365971221913,2.890329140287781,3
-54797,22564,3,0.5736666619777633,0.7185994,0.06680985398712158,1.3703889460128782,3
-54797,22564,7,0.2496666659911433,0.34656262,0.0,0.7084721883097839,3
-54792,22644,0,2.4380000233650168,3.0156167833333334,0.2346649257664999,5.796568640900166,6
-54792,22644,1,1.3436666727065998,1.7525201666666668,0.32622150861358645,3.178818824719747,3
-54792,22644,3,0.715499997138975,0.898534715,0.10628655535301212,1.690782874646988,2
-54792,22644,6,0.529999986290925,0.50491056,0.0,1.0320565417886352,2
-54792,22644,9,0.570999979972835,0.34413573,0.0,0.7305790022330094,2
-54756,22629,0,3.3811666965484566,2.2408077333333334,0.4170731717310587,4.064542294935608,6
-54756,22629,1,1.3676666816075567,1.3136599666666668,0.23516597417907717,2.392153959154256,3
-54756,22629,4,0.6946666737397433,0.7331051333333333,0.06111110285771685,1.4050991638089496,3
-54756,22629,6,0.39966667691866004,0.5195686466666666,0.003929064808654774,1.036235376911621,3
-54756,22629,8,0.19666666289169998,0.3747353266666667,0.0,0.7734620979418692,3
-54754,22631,0,1.8777500092983175,1.892664825,0.23783812431259155,3.5474915256874087,4
-54754,22631,1,1.6930000185966398,1.27936695,0.17872608681983948,2.3800078131801605,2
-54754,22631,2,1.2425000071525498,0.9843745500000001,0.12242603005485536,1.8463230699451447,2
-54754,22631,4,0.454499989747995,0.5479752499999999,0.0,1.1556391496601104,2
-54754,22631,7,0.30999998748302005,0.35128210000000004,0.0,0.7538962166687012,2
-54754,22631,9,0.22199999541044002,0.29777587,0.0,0.6670542562352371,2
-54754,22632,0,1.784500002861015,1.5457992,0.36331791109008793,2.7282804889099124,2
-54754,22632,1,1.44799995422363,1.1952134,0.26290752755966196,2.1275192724403382,1
-54754,22632,2,1.125,0.9459691,0.14583903074417115,1.746099169255829,1
-54754,22632,4,0.4259999990463199,0.5235082,0.0,1.0901610344154358,1
-54754,22632,7,0.21799999475479,0.3261464,0.0,0.7047259569419861,1
-54754,22632,9,0.29600000381469,0.27401894,0.0,0.6193000641149902,1
-54729,22429,0,2.6870000362396183,3.0206760999999998,0.4670535760564169,5.574298623943583,6
-54729,22429,1,2.270333290100093,1.5317063,0.18592735789184575,2.877485242108154,3
-54729,22429,4,1.3866666952768931,0.8890155200000001,0.030632937335510275,1.7473981026644896,3
-54729,22429,8,0.5400000015894534,0.48511886666666665,0.0,0.999813636843872,3
-54709,22453,0,2.73466668526331,2.8158541833333337,0.3973092551005046,5.234399111566162,6
-54709,22453,2,0.8356666763623534,1.521978866666667,0.12287768881530765,2.921080044518026,3
-54709,22453,7,0.3003333310286133,0.7025899866666667,0.0008432278905741534,1.4574722825930786,3
-54709,22453,9,0.19999999801317,0.5515065899999999,0.0,1.208408565472768,3
-54706,22455,0,2.4914999802907283,3.10112955,0.2803142252166748,5.921944874783325,6
-54706,22455,1,1.6123333374659168,1.7268049,0.18588142378082284,3.267728376219177,3
-54706,22455,4,0.58700001239776,0.9349514,0.0,1.9986827127517701,3
-54706,22455,8,0.22400000194708,0.4834856,0.0,1.1913886871391297,3
-54700,22494,0,2.140833318233487,2.334059133333333,0.5526826920135498,4.115435574653117,6
-54700,22494,1,2.1186666488647403,1.5861051333333334,0.4184083791956583,2.753801887471008,3
-54700,22494,4,1.2716666460037167,0.9588681333333334,0.1629516157577515,1.7547846509089151,3
-54700,22494,7,0.4549999932448034,0.5665958,0.026712932874043787,1.1132203810190837,3
-52303,23630,0,1.2983333369096084,1.6796805499999998,0.43136050691299443,2.9280005930870057,6
-52303,23630,1,0.4600000083446499,0.8451371,0.13981918551406858,1.5504550144859315,1
-52303,23630,2,1.060000002384185,0.7874102,0.07882973587532038,1.4959906641246796,2
-52303,23630,3,0.10999999940395,0.48957744,0.0,0.9968436634306335,1
-52303,23630,4,0.45999999344348497,0.47197875499999997,0.0,0.9547220331457901,2
-52303,23630,6,0.15500000119209,0.3561008,0.0,0.7685518735273361,2
-52303,23630,7,0.3600000143051099,0.33788174,0.0,0.7492095192930603,1
-52303,23630,9,0.16999999930460996,0.26756456,0.0,0.6330923388639069,3
-52303,23630,11,0.10000000024834665,0.25239232,0.0,0.6131410580504608,3
-52287,23602,0,2.038624982039129,1.96298915,0.4870710954193116,3.4389072045806888,12
-52287,23602,1,1.783175021409985,1.00489165,0.19955171755828854,1.8102315824417112,4
-52287,23602,2,0.84999999403953,0.85956955,0.08774909421043398,1.631390005789566,2
-52287,23602,4,1.5739099979400564,0.5895637,0.0,1.1886248910820008,3
-52287,23602,5,1.1906000177065466,0.5128586533333334,0.0,1.0411795618797812,3
-52287,23602,6,1.6300600469112352,0.4460302,0.0,0.9331936542942048,2
-52287,23602,7,1.6068999767303398,0.4245787,0.0,0.912573609286499,1
-52287,23602,8,1.0000666975974966,0.35570396000000004,0.0,0.7696616253639476,3
-52287,23602,9,1.1542699734369866,0.3455574799999999,0.0,0.7587657560334015,3
-52287,23602,10,0.6272999942302651,0.33189428,0.0,0.7229429796173859,2
-52287,23602,11,0.63531748205423,0.3300623075,0.0,0.7211110071173858,4
-52187,23610,0,2.3808187469840014,2.103135,0.5622986061668397,3.6439713938331604,16
-52187,23610,1,1.3901249766349775,1.2541098,0.32910905792217254,2.1791105420778276,4
-52187,23610,2,1.580850005149835,1.1618453,0.1988748941829681,2.124815705817032,4
-52187,23610,3,1.0409033099810234,0.8323401233333333,0.060234250702260295,1.6044459959644062,3
-52187,23610,4,1.3862659931182821,0.687996848,0.018052668941925053,1.3579410270580747,5
-52187,23610,5,0.6033566594123766,0.6109041333333334,0.02594168584899903,1.1958665808176676,3
-52187,23610,6,0.63752001523971,0.5334216,0.002599263326263479,1.0642439366737366,1
-52187,23610,7,0.91908997297287,0.5050946,0.0,1.0401954772850037,2
-52187,23610,8,0.822187978029244,0.43808562999999995,0.0,0.9357776785496521,5
-52187,23610,9,0.5029366811116466,0.4176339,0.0,0.9128218382133483,3
-52187,23610,11,0.5021137483417962,0.40770998,0.0,0.8733560383209992,8
-52135,23626,0,2.07841499447822,1.5071758499999999,0.4168627134223938,2.597488986577606,20
-52135,23626,1,1.7404666741689032,1.1844108666666668,0.2292842036176046,2.139537529715729,3
-52135,23626,2,1.4252428582736372,1.1093969357142857,0.16387347784652712,2.0549203935820444,7
-52135,23626,3,0.68000000715255,0.7504434,0.0,1.5057197223648071,1
-52135,23626,4,1.1423540115356399,0.679031306,0.0019781836473083516,1.3764433796122133,5
-52135,23626,5,0.9793699905276225,0.6282699875,0.0036849841182708953,1.2630129627349853,4
-52135,23626,6,0.40000000596046,0.56312394,0.0,1.1607808456510926,1
-52135,23626,7,0.7432928596224058,0.4713259828571429,0.0,1.0255683723998588,7
-52135,23626,8,0.39702665805816,0.4066484133333333,0.0,0.9319681882789103,3
-52135,23626,9,0.49921500682830167,0.39328576666666665,0.0,0.9075423632319133,6
-52135,23626,10,0.46965498477219997,0.3768553,0.0,0.8424630027320862,2
-52135,23626,11,0.3538412526249837,0.37412504,0.0,0.8385874245815659,8
-45600,15085,0,0.41000001132488,0.551213535,0.0,1.178114923168335,2
-45600,15085,2,0.17000000178813,0.47978935,0.0,1.0214133596092223,1
-45600,15085,5,0.23999999463558,0.26993638,0.0,0.6454352410744476,1
-45600,15085,8,0.20999999344348,0.13143845,0.0,0.40364422001571654,1
-45600,15612,0,0.33499999344348497,0.7535311849999999,0.05053412637001037,1.4565282436299896,2
-45600,15612,2,0.18000000715255,0.62176263,0.005434748186950666,1.2380905118130494,1
-45600,15612,5,0.25,0.36446008,0.0,0.7754505864105987,1
-45600,15612,8,0.3000000119209199,0.17619555,0.0,0.4457526386135101,1
-45600,15613,0,0.409999996423715,0.7386207,0.03729330618972776,1.4416177586299896,2
-45600,15613,2,0.20999999344348,0.62063503,0.00430714818695066,1.2369629118130492,1
-45600,15613,5,0.15999999642372,0.37230805,0.0,0.7855448468559265,1
-45600,15613,8,0.28000000119209,0.18418376,0.0,0.45685829074455264,1
-45395,15461,0,0.4113888910247161,0.6788847641666667,0.08605708147286736,1.2717124468604661,36
-45395,15461,2,0.1600000013907694,0.5180994750000001,0.003925741450500471,1.0343361577329,18
-45395,15461,5,0.1788888908922611,0.23924795500000004,0.0,0.5366111269748179,18
-45395,15461,8,0.15944444512326997,0.11278294850000001,0.0,0.32987420090643815,18
-45395,15462,0,0.4333333397904992,0.6890955499999999,0.06725939434700012,1.3109317056529999,12
-45395,15462,2,0.17666666582226165,0.5154133,0.0,1.0378546871765137,6
-45395,15462,5,0.19166666517654332,0.23384984,0.0,0.5369249151495361,6
-45395,15462,8,0.16666666790842496,0.107935734,0.0,0.3305580540559616,6
-45395,15462,,0.3733333418766607,0.36725998,0.0,0.762709290541153,15
-45002,19105,0,1.874999970197675,1.0997157499999999,0.24980574407291406,1.9496257559270858,4
-45002,19105,1,1.230000019073485,0.8964204,0.16700736746826172,1.6258334325317383,2
-45002,19105,3,0.919999986886975,0.6504010499999999,0.00931468024711607,1.2914874197528838,2
-45002,19105,4,0.869999974966045,0.53178063,0.0,1.0893943306282807,2
-45002,19105,5,1.23000001907348,0.45308965,0.0,0.954277987802887,1
-45002,19105,6,0.77999997138977,0.4294279,0.0,0.9359628340438843,1
-45002,19105,7,0.974999994039535,0.3798237,0.0,0.8087148372423172,2
-45002,19105,8,0.77999997138977,0.2903744,0.0,0.6845281737846374,1
-45002,19105,9,0.8500000238418501,0.2903744,0.0,0.6845281737846374,1
-45002,19106,0,2.0499999523162797,1.1017331,0.25674651223716727,1.9467196877628326,2
-45002,19106,1,1.25999999046325,0.91002566,0.1720266975976562,1.6480246224023438,1
-45002,19106,3,0.74000000953674,0.6524679,0.01597207137145995,1.28896372862854,1
-45002,19106,4,0.75,0.5216515,0.0,1.07269810987854,1
-45002,19106,6,1.01999998092651,0.43301272,0.0,0.9324843248240662,1
-45002,19106,7,0.81999999284744,0.35390845,0.0,0.7731465703174591,1
-45002,19106,9,0.58999997377395,0.2903744,0.0,0.6845281737846374,1
-45002,19107,0,2.629999995231625,2.01193115,0.16011012478739417,3.8637521752126056,6
-45002,19107,1,1.6866666475931769,0.9928165666666667,0.09261083527475993,1.8930222980585736,3
-45002,19107,3,1.6266666650772066,0.63933626,0.0,1.3659671662639872,3
-45002,19107,5,1.1133333643277432,0.4664469266666667,0.0,1.0564265752567545,3
-45002,19107,6,0.75999999046325,0.37958473,0.0,0.871846646399002,1
-45002,19107,7,0.61000001430511,0.32702821,0.0,0.7912254582204437,1
-45002,19107,8,0.68999999761581,0.32163543,0.0,0.7858326782204437,1
-45002,19107,9,0.6000000039736367,0.28404969999999996,0.0,0.715909401871872,3
-44928,19435,0,1.37333331505457,1.7136739500000002,0.49281861460545856,2.9345292853945413,6
-44928,19435,1,0.9200000166892933,0.9313855133333333,0.18386083462621053,1.6789101920404563,3
-44928,19435,2,0.629999995231625,0.60836965,0.0044210568603515465,1.2123182431396484,2
-44928,19435,3,0.7200000286102199,0.58780146,0.0,1.1840657627305604,1
-44928,19435,4,0.56000000238418,0.4714557433333333,0.0,0.9539870524611409,3
-44928,19435,6,0.5900000035762732,0.34847345,0.0,0.7465266192504884,3
-44928,19435,8,0.6099999845027899,0.23314101999999998,0.0,0.5625703037381362,2
-44928,19435,9,0.61000001430511,0.22940217,0.0,0.5587140772914123,1
-44915,19448,0,2.116666674613945,1.7655539833333334,0.12145148941141766,3.409656477255249,6
-44915,19448,1,1.0199999610582933,0.8745710266666666,0.02676915934015911,1.724945904119517,3
-44915,19448,3,0.70666666825612,0.58805979,0.0,1.2688714733368938,3
-44915,19448,5,0.63666665554046,0.4363469166666667,0.0,0.9612669033915203,3
-44915,19448,7,0.7600000103314667,0.32583270666666664,0.0,0.7568624635305786,3
-44915,19448,8,0.66000002622604,0.24574518,0.0,0.6127743104588318,1
-44915,19448,9,0.86500000953674,0.25827384,0.0,0.6587207615869903,2
-44915,19451,0,1.9933333297570484,1.020164875,0.27528384110260007,1.7650459088973998,6
-44915,19451,1,0.87333331505457,0.8614279499999999,0.1893709571512858,1.5334849428487143,3
-44915,19451,2,0.8449999988079,0.73903763,0.07637127939689636,1.4017039806031035,2
-44915,19451,3,0.8266666730244899,0.5855457766666666,0.013463555453389472,1.1594551189556375,3
-44915,19451,4,0.63666665554046,0.45603078,0.003752421184082033,0.9123271245981344,3
-44915,19451,6,0.49000000953673994,0.3403934,0.0,0.7165540812477111,2
-44915,19451,7,0.44999998807907,0.31377894,0.0,0.6680894525427246,1
-44915,19451,8,0.4500000029802299,0.22675903,0.0,0.5348265603936004,2
-44915,19451,9,0.40000000596046,0.22675903,0.0,0.5348265603936004,1
-44778,19029,0,2.636666655540462,2.05792715,0.3126923029312133,3.8031619970687864,6
-44778,19029,1,1.5266666412353498,0.9712987666666667,0.14415032916666667,1.7984472041666664,3
-44778,19029,3,0.88666665554046,0.6550123466666666,0.040003038805338544,1.270021654527995,3
-44778,19029,5,0.6233333349227833,0.5036297033333333,0.0,1.023643989374593,3
-44778,19029,6,0.56000000238418,0.3982499,0.0,0.8593482431339263,1
-44778,19029,7,0.65999999642372,0.38629577000000004,0.0,0.828821022699852,2
-44778,19029,9,0.5166666607061999,0.2998514,0.0,0.6993176761688232,3
-44776,19027,0,1.9683333039283717,0.9899293299999999,0.2964497622338104,1.6834088977661894,6
-44776,19027,1,1.38999998569488,0.7361684,0.11195899600830073,1.360377803991699,3
-44776,19027,2,1.13999998569488,0.535845,0.009701508731842057,1.061988491268158,1
-44776,19027,3,0.83500000834465,0.530671,0.008659600730896,1.052682399269104,2
-44776,19027,4,0.6699999769528667,0.41891365333333336,0.0,0.8532654651396943,3
-44776,19027,6,0.620000004768365,0.32825908000000004,0.0,0.6925215565634537,2
-44776,19027,7,0.734999984502785,0.28973869,0.0,0.6297605684809113,2
-44776,19027,8,0.6999999880790699,0.22813453,0.0,0.5363509527962493,1
-44776,19027,9,0.61499997973442,0.22813453,0.0,0.5363509527962493,2
-44770,19027,0,1.498333334922785,1.8493827500000002,0.3853652395858765,3.3134002604141237,6
-44770,19027,1,1.0200000007947234,1.0836466666666666,0.19373424019495644,1.9735590931383769,3
-44770,19027,2,0.6200000047683699,0.79045435,0.008929370409774762,1.5721290330940247,2
-44770,19027,3,0.6433333357175101,0.5826045533333334,0.0,1.2374179621849568,3
-44770,19027,4,0.7200000286102199,0.47062066,0.0,1.0142870227624512,1
-44770,19027,5,0.5299999713897701,0.44091398,0.0,0.9828370261120605,1
-44770,19027,6,0.56999999284744,0.404907,0.0,0.9177239655799866,1
-44770,19027,7,0.50999999046325,0.31896058,0.0,0.7675660876122283,1
-44770,19027,8,0.48999999463557997,0.30819132,0.0,0.7567968276122283,2
-44770,19027,9,0.44999998807907,0.29868376,0.0,0.7472892676122285,1
-43728,12149,0,1.5416666666666599,1.4783696666666666,0.0,3.129124952883403,6
-43728,12149,2,0.9633333285649567,0.807566,0.0,1.7387107342236838,3
-43728,12149,4,0.7333333293596866,0.49930473,0.0,1.1784487151125083,3
-43728,12149,6,0.7366666595141034,0.39141426000000007,0.0,0.9739030948579407,3
-43728,12149,9,0.6066666642824766,0.28644437333333334,0.0,0.7248653545020803,3
-43591,12183,0,1.045000016689295,1.21466145,0.19158765754241946,2.2377352424575805,2
-43591,12183,2,1.0900000333786,1.0681046,0.13259378581008918,2.0036154141899107,1
-43591,12183,4,0.73000001907348,0.54510343,0.0,1.2163410179287721,1
-43591,12183,6,0.6700000166893,0.37024143,0.0,0.8698231544052887,1
-43591,12183,9,0.47999998927116,0.22744165,0.0,0.6365041547683716,1
-43585,12180,0,0.9125000089406925,0.9449039975,0.05232591803218842,1.8513773957086181,4
-43585,12180,2,1.08000004291534,0.7281247200000001,0.0,1.6106144906508637,2
-43585,12180,4,0.884999990463255,0.38369817,0.0,0.9753015385207368,2
-43585,12180,6,0.65500000119209,0.27664148,0.0,0.7586899766039658,2
-43585,12180,9,0.59999999403953,0.17320064000000002,0.0,0.5376915811668777,2
-43583,12198,0,1.06999999284744,0.77999022,0.033820451741333024,1.541923516918869,2
-43583,12198,2,0.89999997615814,0.6373909,0.0,1.3178409818252563,1
-43583,12198,4,0.61000001430511,0.3965225,0.0,0.9220878858184814,1
-43583,12198,6,0.20000000298023,0.2904801,0.0,0.7134042609573364,1
-43583,12198,9,0.4900000095367399,0.18344334,0.0,0.4791438602770233,1
-43583,12203,0,0.97499996423721,0.7939366999999999,0.05384200848503112,1.534031391514969,2
-43583,12203,2,0.7900000214576699,0.6590062,0.0,1.378813407584381,1
-43583,12203,4,0.7900000214576699,0.39729565,0.0,0.9383736810630798,1
-43583,12203,6,0.60000002384185,0.2821386,0.0,0.6774512966953278,1
-43583,12203,9,0.60000002384185,0.16523583,0.0,0.4719957834988403,1
-43583,12206,0,0.99500000476837,0.930635455,0.1798257855053711,1.681445124494629,2
-43583,12206,2,0.8799999952316199,0.7390043,0.0073762396591186,1.4706323603408813,1
-43583,12206,4,0.5299999713897701,0.46460062,0.0,1.0095455619975282,1
-43583,12206,6,0.40999999642372,0.34389666,0.0,0.7922763852178192,1
-43583,12206,9,0.37000000476837,0.21646711,0.0,0.5065115667203521,1
-43583,12208,0,0.9050000011920851,0.88447343,0.13871486671989441,1.6302319932801055,2
-43583,12208,2,0.31000000238418,0.6654892,0.0,1.3613373669425965,1
-43583,12208,4,0.40999999642372,0.39081752,0.0,0.9089357226863097,1
-43583,12208,6,0.56999999284744,0.28496507,0.0,0.6609696466830444,1
-43583,12208,9,0.75,0.17072377,0.0,0.4588245192542267,1
-43583,12209,0,0.90500000119209,0.924320625,0.16071961992263795,1.687921630077362,2
-43583,12209,2,0.63999998569488,0.6903964,0.0,1.4160374121917725,1
-43583,12209,4,0.60000002384185,0.38901296,0.0,0.9171157155465699,1
-43583,12209,6,0.54000002145767,0.28102565,0.0,0.6665002126449585,1
-43583,12209,9,0.3400000035762699,0.16184115,0.0,0.45909359641304015,1
-43579,12198,0,0.910000026226035,0.949392135,0.19226273403144833,1.7065215359685517,2
-43579,12198,2,1.1799999475479102,0.7221191,0.0,1.4527782272354126,1
-43579,12198,4,0.83999997377395,0.41466334,0.0,0.9535701526678466,1
-43579,12198,6,0.6700000166893,0.29807493,0.0,0.7120602419850159,1
-43579,12198,9,0.5500000119209201,0.17600887,0.0,0.46006243407165526,1
-43578,12207,0,2.67250004410743,1.46817105,0.00013251321334839528,3.0560131866214753,4
-43578,12207,2,2.43500000238418,0.8103701649999999,0.0,1.7729510544634246,2
-43578,12207,4,1.70500004291534,0.437825245,0.0,1.0809491101275635,2
-43578,12207,6,0.79499998688697,0.318883415,0.0,0.8383243043585205,2
-43578,12207,9,0.86500000953674,0.21300171499999998,0.0,0.6243780273750686,2
-43577,12207,0,5.879999995231625,1.4490664,0.11832016653671262,2.7798126334632873,2
-43577,12207,2,2.5799999237060502,0.83044624,0.0,1.7052507963697816,1
-43577,12207,4,1.45000004768371,0.43842888,0.0,1.0379990351437378,1
-43577,12207,6,0.56999999284744,0.30622062,0.0,0.7721771589156341,1
-43577,12207,9,0.2199999988079,0.19715866,0.0,0.5338352575952149,1
-43576,12180,0,1.3749999999999951,1.013105365,0.1626500510790252,1.8635606789209747,2
-43576,12180,2,1.21000003814697,0.7728637,0.0,1.5890084644233704,1
-43576,12180,4,1.28999996185302,0.4582653,0.0,1.0586146666648864,1
-43576,12180,6,1.0499999523162802,0.33360612,0.0,0.8331782778598023,1
-43576,12180,9,1.00999999046325,0.20877242,0.0,0.5469936123599243,1
-43576,12181,0,1.300000011920925,0.95740805,0.14707086414031983,1.7677452358596804,2
-43576,12181,2,1.2400000095367398,0.76239103,0.0,1.562996029065399,1
-43576,12181,4,1.15999996662139,0.44481158,0.0,1.043382046041565,1
-43576,12181,6,1.0499999523162802,0.32130253,0.0,0.7888812093231964,1
-43576,12181,9,0.70999997854232,0.1976205,0.0,0.5358416923599243,1
-43576,12183,0,1.8500000238418548,1.16037465,0.2572894182189942,2.063459881781006,2
-43576,12183,2,1.8400000333785995,0.84063965,0.021149634493255576,1.6601296655067443,1
-43576,12183,4,1.6699999570846498,0.50559765,0.0,1.1416071643318175,1
-43576,12183,6,1.55999994277954,0.37688178,0.0,0.8575323539688873,1
-43576,12183,9,1.45000004768371,0.24841154,0.0,0.6474764980955505,1
-43576,12185,0,1.784999966621395,0.9313771399999999,0.14467686147941589,1.718077418520584,2
-43576,12185,2,1.41999995708465,0.7440825,0.0,1.5012953176689148,1
-43576,12185,4,1.21000003814697,0.4383691,0.0,1.0091583179489136,1
-43576,12185,6,2.13000011444091,0.36619115,0.0,0.8412193072341919,1
-43576,12185,9,1.21000003814697,0.25321108,0.0,0.6490538408013153,1
-43575,12177,0,1.1500000357627802,1.27586995,0.16432033414001457,2.3874195658599855,2
-43575,12177,2,0.89999997615814,1.1426595,0.0,2.292008474227905,1
-43575,12177,4,0.97000002861022,0.64151937,0.0,1.432927253167267,1
-43575,12177,6,0.75,0.43731928,0.0,1.1034715188458253,1
-43575,12177,9,0.6200000047683699,0.28955397,0.0,0.7780517934767914,1
-43574,12174,0,0.78000000119209,1.0527600499999998,0.0,2.267504796685028,2
-43574,12174,2,0.76999998092651,0.98910344,0.0,2.205047968579712,1
-43574,12174,4,0.37000000476837,0.6686615,0.0,1.7173804292907715,1
-43574,12174,6,0.28999999165534,0.45889473,0.0,1.3034123782200622,1
-43574,12174,9,0.10999999940395,0.2910556,0.0,0.9919267695671081,1
-43573,12181,0,0.965000003576275,0.924257415,0.14673306292633054,1.7017817670736695,2
-43573,12181,2,1.25,0.7084148,0.0,1.4636474917648314,1
-43573,12181,4,0.98000001907348,0.4065266,0.0,0.9500854955879212,1
-43573,12181,6,0.93000000715255,0.29060876,0.0,0.7308585010774231,1
-43573,12181,9,0.81999999284744,0.17327957,0.0,0.48231132473213195,1
-43572,12188,0,1.050000011920925,1.1682418499999998,0.12179719553527824,2.214686504464722,2
-43572,12188,2,0.81999999284744,0.7120357,0.0,1.5563289367324828,1
-43572,12188,4,0.6200000047683699,0.40327066,0.0,1.0057939272691345,1
-43572,12188,6,0.3600000143051099,0.26458523,0.0,0.7147154542279053,1
-43572,12188,9,0.3000000119209199,0.18388163,0.0,0.5468461111153412,1
-43572,12189,0,1.204999983310695,1.0295204500000001,0.06238412654800418,1.9966567734519958,2
-43572,12189,2,1.08000004291534,0.81031334,0.0,1.7527514656103516,1
-43572,12189,4,0.73000001907348,0.45823225,0.0,1.1294325850257874,1
-43572,12189,6,0.75,0.28463975,0.0,0.7609732489547729,1
-43572,12189,9,0.60000002384185,0.20513497,0.0,0.5934534788634491,1
-43571,12188,0,1.069999992847435,0.99022725,0.0639346219501496,1.9165198780498505,2
-43571,12188,2,0.8600000143051101,0.6665232,0.0,1.4831654247886656,1
-43571,12188,4,1.28999996185302,0.38830855,0.0,0.9967065702674865,1
-43571,12188,6,0.57999998331069,0.25110185,0.0,0.7077780053287506,1
-43571,12188,9,0.3400000035762699,0.16122322,0.0,0.5140318743083191,1
-43569,12174,0,0.8849999904632551,1.0401110500000001,0.2157991081378937,1.8644229918621065,2
-43569,12174,2,0.74000000953674,0.9748194,0.12877372710647583,1.820865072893524,1
-43569,12174,4,0.47999998927116,0.56812125,0.0,1.2666928723716735,1
-43569,12174,6,0.3600000143051099,0.38429204,0.0,0.8890422917700196,1
-43569,12174,9,0.23000000417232,0.25634766,0.0,0.6724973954507446,1
-43569,12219,0,1.324999988079065,0.929729255,0.13899201349342344,1.7204664965065763,2
-43569,12219,2,1.42999994754791,0.7336644,0.0,1.4937478369659423,1
-43569,12219,4,1.76999998092651,0.43443674,0.0,1.0064633503744507,1
-43569,12219,6,1.62999999523162,0.32525435,0.0,0.7697568526798249,1
-43569,12219,9,1.49000000953674,0.20588669,0.0,0.5221344512495423,1
-43568,12220,0,1.6924999952316224,1.078793125,0.17788686021804817,1.979699389781952,4
-43568,12220,2,1.4850000143051099,0.9630818999999999,0.11279338967742919,1.8133704103225707,2
-43568,12220,4,1.310000032186505,0.5426485,0.0,1.20488855818367,2
-43568,12220,6,1.15000000596046,0.35725000500000004,0.0,0.8449885845116425,2
-43568,12220,9,0.875000014901155,0.24263777,0.0,0.6455343381791305,2
-43567,12181,0,1.8449999690055798,1.14508215,0.19415894557800295,2.0960053544219974,2
-43567,12181,2,1.64999997615814,1.0105666,0.14356250349197386,1.877570696508026,1
-43567,12181,4,1.48000001907348,0.54602516,0.0,1.2367430359574891,1
-43567,12181,6,1.22000002861022,0.3830744,0.0,0.9148122044128417,1
-43567,12181,9,1.0900000333786,0.2500098,0.0,0.6922757575939178,1
-43555,12214,0,1.16999995708465,0.9682158,0.1571083731182098,1.77932322688179,2
-43555,12214,2,0.68000000715255,0.75524956,0.0,1.5252519847169494,1
-43555,12214,4,0.31999999284744,0.39565024,0.0,0.9383283577520751,1
-43555,12214,6,0.3400000035762699,0.271382,0.0,0.6682109196491242,1
-43555,12214,9,0.31999999284744,0.15577291,0.0,0.44638992893806456,1
-43555,12215,0,0.740000009536735,0.9703754499999999,0.15213740025444028,1.7886134997455598,2
-43555,12215,2,0.87000000476837,0.7532401,0.0,1.5427573834396362,1
-43555,12215,4,0.47999998927116,0.39693975,0.0,0.9638903692207337,1
-43555,12215,6,0.33000001311302,0.28077024,0.0,0.7005991317541505,1
-43555,12215,9,0.1400000005960399,0.1609822,0.0,0.47367239842147824,1
-43555,12216,0,1.44499999284744,0.89912305,0.09342030408554075,1.7048257959144593,2
-43555,12216,2,1.07000005245208,0.7038184,0.0,1.4842221928581236,1
-43555,12216,4,0.75,0.39693975,0.0,0.9638903692207337,1
-43555,12216,6,0.0700000002980199,0.27773055,0.0,0.6975594417541504,1
-43555,12216,9,0.25,0.15687907,0.0,0.4695692684214783,1
-41347,21706,0,3.314724981784815,2.270807,0.4806604107208252,4.060953589279175,4
-41347,21706,1,2.9059499502182,1.6033696000000002,0.22856653374633795,2.9781726662536623,2
-41347,21706,3,1.983549952507015,0.86151297,0.0,2.083164047270508,2
-41347,21706,5,0.76609998941421,0.59548885,0.0,1.4931695498252868,1
-41347,21706,6,0.40580001473426,0.49131355,0.0,1.300279650215912,1
-41347,21706,8,0.2409999966621299,0.38890138,0.0,1.0525753173207093,1
-41347,21706,9,0.22540000081062,0.3204803,0.0,0.88706965546875,1
-41347,21707,0,3.0387166738510083,2.27984725,0.48368669114049273,4.076007808859507,6
-41347,21707,1,2.7058666547139434,1.7356275666666665,0.2636667041890462,3.207588429144287,3
-41347,21707,2,2.05739998817443,1.0959855,0.0,2.4621709267120364,1
-41347,21707,3,1.351499974727625,0.954546125,0.0,2.2366905522994993,2
-41347,21707,4,0.38740000128746,0.6106544,0.0,1.508335099825287,1
-41347,21707,5,0.589650020003315,0.520515815,0.0,1.3384286021990204,2
-41347,21707,8,0.27549999952316,0.3830659,0.0,0.98983498493042,1
-41347,21707,9,0.77469998598098,0.33580068,0.0,0.9291168177906799,1
-41347,21707,11,0.26690000295639,0.30359823,0.0,0.87018758546875,1
-41346,21706,0,3.162337511777874,2.5813056125,0.5180900438383103,4.64452118116169,8
-41346,21706,1,2.495074927806847,1.882365025,0.20266575308265683,3.5620642969173435,4
-41346,21706,3,1.5029666821161836,1.0925079666666668,0.0,2.563423602093506,3
-41346,21706,4,1.4337999820709202,0.82868093,0.0,2.1202189301068115,1
-41346,21706,5,1.1542500257491999,0.6439672,0.0,1.6716848201343537,2
-41346,21706,6,0.608699992299075,0.61534373,0.0,1.5925101144585418,2
-41346,21706,8,0.36969999969004996,0.44727272,0.0,1.2460365315882873,2
-41346,21706,9,0.29760000109672,0.43152395,0.0,1.2046852420761107,1
-41346,21706,10,0.21639999747276,0.4351608,0.0,1.2240129552085877,1
-41343,21705,0,5.37455010414123,2.89269685,0.8395597860198976,4.945833913980103,2
-41343,21705,1,4.79739999771118,2.0937521,0.4060772199722291,3.781426980027771,1
-41343,21705,4,4.05789995193481,0.97238445,0.0,2.305228707354736,1
-41343,21705,8,1.650200009346,0.59691066,0.0,1.5839212581826783,1
-41343,21706,0,2.849349975585935,2.6754896500000003,0.6926560261138917,4.658323273886108,2
-41343,21706,2,2.41030001640319,1.7924534,0.20325028072204598,3.3816565192779544,1
-41343,21706,4,0.96410000324249,0.9576667,0.0,2.284874503726196,1
-41343,21706,6,0.42179998755455,0.65662074,0.0,1.661161779466858,1
-41343,21706,10,0.30989998579025,0.42069373,0.0,1.2117268191609192,1
-41342,21705,0,5.060293748974795,2.870514075,0.8305206249544144,4.910507525045586,16
-41342,21705,1,3.4007499217987,2.0197701500000003,0.4022666857780457,3.6372736142219546,4
-41342,21705,2,4.3519500494003225,1.6573492,0.1085380548564911,3.2564361104862214,4
-41342,21705,3,1.9633000691731732,1.1861567666666666,0.0,2.657759683384196,3
-41342,21705,4,2.7092500030994353,0.9240881925,0.0,2.2336563294304654,4
-41342,21705,5,3.48079991340637,0.7841652,0.0,1.9965034091522216,1
-41342,21705,6,2.2107750177383374,0.74297544,0.0,1.9144687616571807,4
-41342,21705,7,1.0706333220004967,0.6396172866666666,0.0,1.6784917538806152,3
-41342,21705,8,1.0310333470503432,0.5637202666666666,0.0,1.5022104587621055,3
-41342,21705,9,0.419150009751315,0.49046185,0.0,1.34939100725708,2
-41342,21705,10,0.45989999175071,0.499248445,0.0,1.395018219913788,2
-41342,21705,11,0.47789999842643,0.49137074,0.0,1.3871405149137879,1
-41342,21705,12,0.38774999976157504,0.47471281,0.0,1.2923927516542053,2
-41342,21708,0,2.64487504959106,2.5429798750000003,0.6238403705673219,4.462119379432679,4
-41342,21708,1,2.3414500951766897,2.00821775,0.40169173281097403,3.614743767189026,2
-41342,21708,2,0.9297000169754,1.3484591,0.0,2.7732968084732055,1
-41342,21708,3,1.07599997520446,1.1966573,0.0,2.5907553434417725,1
-41342,21708,5,0.59395000338554,0.79077915,0.0,1.9126949672607423,2
-41342,21708,7,0.27549999952316,0.561514,0.0,1.4109906950607298,1
-41342,21708,8,0.3959999978542299,0.5295841,0.0,1.343109001866913,1
-41342,21708,9,1.1104999780654898,0.44153172,0.0,1.1638000629718017,1
-41342,21708,11,1.53229999542236,0.40478402,0.0,1.073309835010071,1
-41341,21705,0,5.806800007820128,2.9167240000000003,0.8635869360198976,4.969861063980103,4
-41341,21705,1,3.9570000171661297,2.1914208,0.44814408472137446,3.9346975152786254,1
-41341,21705,2,4.03090000152587,1.9385182,0.25201514728851326,3.6250212527114867,1
-41341,21705,3,3.60150003433227,1.1787286,0.0,2.6508597330795287,1
-41341,21705,4,3.49889993667602,0.97289515,0.0,2.2942369030059817,1
-41341,21705,6,1.70500004291534,0.76356125,0.0,1.9529285443115234,1
-41341,21705,7,2.98480010032653,0.67982745,0.0,1.8119505626785277,1
-41341,21705,9,0.36469998955726,0.49751475,0.0,1.3920227541885377,1
-41341,21705,10,0.29179999232292,0.47856092,0.0,1.300678487062378,1
-41341,21707,0,3.027974963188168,2.53046535,0.629959181396103,4.430971518603897,4
-41341,21707,1,2.5695999860763497,1.9410261,0.3767839158378601,3.50526828416214,2
-41341,21707,3,0.97705000638961,1.01491545,0.0,2.3303111628524777,2
-41341,21707,6,0.47350001335144,0.6235511,0.0,1.5745391542755127,1
-41341,21707,7,0.30129998922348,0.54495263,0.0,1.4062264551686097,1
-41341,21707,9,0.18940000236034,0.43419954,0.0,1.189918784480133,1
-41341,21708,0,3.17215001583099,2.4860344999999997,0.6743764156074523,4.297692584392547,2
-41341,21708,1,2.67720007896423,1.9652742,0.4211551995651246,3.5093932004348756,1
-41341,21708,3,1.04159998893737,0.9615679,0.0,2.1626507256607055,1
-41341,21708,5,0.66280001401901,0.72970015,0.0,1.7860607523788452,1
-41341,21708,8,0.33570000529289,0.5008711,0.0,1.309779800942993,1
-41340,21707,0,3.0731499195098797,2.55625285,0.6138154992500304,4.498690200749969,2
-41340,21707,1,2.49640011787414,1.8906007,0.3375108428985596,3.4436905571014407,1
-41340,21707,3,1.01579999923706,1.1826636,0.0,2.6204529209457395,1
-41340,21707,6,0.34430000185966,0.6697868,0.0,1.7268177162139893,1
-39541,19385,0,2.75399994850158,1.9750458499999999,0.5995518467041016,3.3505398532958983,2
-39541,19385,1,2.09470009803771,1.5678958,0.5015150607879639,2.634276539212036,1
-39541,19385,2,2.15590000152587,1.2021405,0.16674165909576422,2.237539340904236,1
-39541,19385,4,1.26579999923706,0.78730917,0.00169169925872803,1.5729266407412719,1
-39541,19385,7,0.54809999465942,0.47100598,0.0,1.0382288136334228,1
-39540,19385,0,2.443133354187007,2.1202083333333337,0.7866119050979615,3.4538047615687053,3
-39540,19385,1,2.14849996566772,1.7151864,0.6254079766906739,2.8049648233093265,1
-39540,19385,2,1.6841999888420052,1.5168124,0.3726525465415954,2.6609722534584046,2
-39540,19385,3,1.05289995670318,1.0119742,0.20230804323120122,1.8216403567687989,1
-39540,19385,4,0.96310001611709,0.92365795,0.12891482932968135,1.7184010706703186,1
-39540,19385,5,0.68760001659393,0.7517155,0.007957536819457989,1.495473463180542,1
-39540,19385,7,0.5345000028610201,0.5970908,0.0,1.231500048828888,1
-39540,19385,8,0.32159999012947,0.5432059,0.0,1.1397322843536377,1
-39540,19385,11,0.21570000052452,0.47867268,0.0,1.0324861970936585,1
-39540,19385,13,0.18389999866485,0.4573905,0.0,1.00956232636261,1
-39540,19385,16,0.25549998879432,0.4573905,0.0,1.00956232636261,1
-39540,19387,0,2.67760002613067,1.8147475,0.7330279226875305,2.8964670773124697,2
-39540,19387,1,2.29609990119934,1.6547012,0.6313616900360108,2.678040709963989,1
-39540,19387,2,1.984099984169,1.3465004,0.28728902667083744,2.4057117733291626,1
-39540,19387,4,1.13800001144409,0.94020545,0.1646971058265686,1.7157137941734315,1
-39540,19387,7,0.57380002737045,0.60888815,0.0,1.225079656385803,1
-39517,19402,0,2.4718666871388666,2.1034966,0.7405383674382527,3.466454832561747,3
-39517,19402,1,2.03290009498596,1.6322755,0.6106700083618164,2.6538809916381836,1
-39517,19402,2,1.96644991636276,1.484397,0.3899331151695251,2.578860884830475,2
-39517,19402,3,1.9232000112533496,0.95690465,0.15313380983200076,1.7606754901679993,1
-39517,19402,4,1.76209998130798,0.8505332,0.1303405887825012,1.5707258112174989,1
-39517,19402,6,0.97600001096725,0.6135957,0.020284211371612515,1.2069071886283873,1
-39517,19402,7,0.75599998235702,0.5086771,0.015083973464584344,1.0022702265354155,1
-39517,19402,9,0.59140002727508,0.43097454,0.0,0.9248014955568695,1
-39517,19402,12,0.5533999800682,0.39996776,0.0,0.8618650139901733,1
-39517,19402,15,0.2664999961853,0.39996776,0.0,0.8618650139901733,1
-39517,19402,21,0.09749999642372,0.39996776,0.0,0.8618650139901733,1
-39517,19403,0,2.191699981689445,2.1509861,0.7766781099258424,3.5252940900741576,2
-39517,19403,1,1.57430005073547,1.6917146,0.6403393301101685,2.7430898698898316,1
-39517,19403,2,1.65149998664855,1.3173072,0.28576251463623037,2.3488518853637697,1
-39517,19403,4,1.37750005722045,0.89740413,0.17451232244384762,1.6202959375561523,1
-39517,19403,7,0.50470000505447,0.54688954,0.03811567668441773,1.0556634033155823,1
-39517,19406,0,2.4559000730514446,2.01735505,0.6998529090011597,3.3348571909988403,2
-39517,19406,1,1.94889998435974,1.5644422,0.5684803550788879,2.5604040449211123,1
-39517,19406,2,1.73609995841979,1.2058985,0.22728756717300413,2.184509432826996,1
-39517,19406,4,1.13329994678497,0.8354035,0.10369038383102414,1.5671166161689758,1
-39517,19406,7,0.40329998731613,0.49114448,0.0,1.0041790621380615,1
-39516,19403,0,2.464799976348874,1.69107676,0.6552439853608704,2.7269095346391294,5
-39516,19403,1,1.8657500147819501,1.46031455,0.5382796307380676,2.382349469261932,2
-39516,19403,2,1.9135333299636768,1.2773589666666665,0.27588955322723385,2.2788283801060993,3
-39516,19403,4,1.441066662470493,0.82511108,0.10509388525207519,1.545128274747925,3
-39516,19403,6,1.06180000305175,0.6769038,0.009889677990722712,1.3439179220092774,1
-39516,19403,7,0.554949998855585,0.47362605999999996,0.014477281463241565,0.9532091743856048,2
-39516,19403,8,0.5654000043869,0.45247015,0.0,0.9679248595298767,1
-39516,19403,12,0.47150000929832,0.41796255,0.0,0.9227650154388427,1
-39516,19403,16,0.3068000078201199,0.41796255,0.0,0.9227650154388427,1
-39516,19403,19,0.21230000257492,0.41796255,0.0,0.9227650154388427,1
-39516,19404,0,1.97484993934631,1.4957207499999998,0.5737431406040191,2.417698359395981,2
-39516,19404,1,1.73629999160766,1.3298197,0.4567685334655762,2.2028708665344237,1
-39516,19404,2,0.9801999926567,1.0523283,0.18020827722625743,1.9244483227737428,1
-39516,19404,4,0.74599999189376,0.67968434,0.03279632234558105,1.326572357654419,1
-39516,19404,7,0.3932000100612599,0.4108108,0.0,0.8382596985538482,1
-39499,19393,0,3.0731500387191746,2.062029,0.8958001691856384,3.2282578308143615,2
-39499,19393,1,2.61100006103515,1.929799,0.7629055773963929,3.096692422603607,2
-39499,19393,2,1.87329995632171,1.3717885,0.26999473397827156,2.4735822660217286,1
-39499,19393,3,1.35549998283386,1.3302051,0.2118691377044677,2.448541062295532,1
-39499,19393,4,0.90319997072219,0.9641489,0.1522734970726013,1.7760243029273988,1
-39499,19393,5,0.68349999189376,0.90821165,0.08892184649505619,1.727501453504944,1
-39499,19393,7,0.547049999237055,0.6370420800000001,0.0,1.3005960331707764,2
-39499,19393,9,0.35269999504089,0.5101531,0.0,1.105992421613312,1
-39499,19393,12,0.3609000146389,0.46957913,0.0,1.0244993265332032,1
-39499,19393,14,0.1904000043869,0.46957913,0.0,1.0244993265332032,1
-39499,19393,19,0.15590000152587,0.46957913,0.0,1.0244993265332032,1
-39497,19392,0,2.976350069046015,2.0592753,0.914171368572998,3.204379231427002,2
-39497,19392,1,2.11759996414184,1.862661,0.7667270858154296,2.9585949141845704,1
-39497,19392,2,1.23619997501373,1.3917929,0.27630770865478516,2.507278091345215,1
-39497,19392,4,0.7537000179290699,0.9858506,0.17714002489624026,1.7945611751037598,1
-39497,19392,7,0.35949999094009,0.65274924,0.0,1.321951388914337,1
-39497,19393,0,2.87599992752075,2.02741725,0.9255731180534363,3.129261381946564,2
-39497,19393,1,2.44700002670288,1.8113701,0.7420496597076416,2.8806905402923584,1
-39497,19393,2,1.71770000457763,1.359407,0.2870187086410523,2.431795291358948,1
-39497,19393,4,0.92019999027252,0.9978287,0.20119265502090455,1.7944647449790954,1
-39497,19393,7,0.5015000104904099,0.6370751,0.0,1.2942006922317506,1
-39281,19516,0,4.868749976158135,2.5439639,0.3315718082489014,4.756355991751098,2
-39281,19516,1,2.2836999893188397,1.2831639,0.03945743523254386,2.526870364767456,1
-39281,19516,2,1.34109997749328,0.99737304,0.008711869994201704,1.9860342100057984,1
-39281,19516,4,1.34710001945495,0.651074,0.0,1.3596988993873595,1
-39281,19516,7,0.5184999704360901,0.39777347,0.0,0.8987108722483825,1
-39281,19517,0,5.138599872589103,2.6606211666666666,0.39385859215291347,4.92738374118042,3
-39281,19517,1,2.9946500062942447,1.2831639,0.03945743523254386,2.526870364767456,2
-39281,19517,2,2.2925499677658,0.99737304,0.008711869994201704,1.9860342100057984,2
-39281,19517,4,1.2071999907493551,0.651074,0.0,1.3596988993873595,2
-39281,19517,7,0.46220000088214497,0.39777347,0.0,0.8987108722483825,2
-39197,19420,0,2.949480009078974,1.82591466,0.6743683009378051,2.977461019062195,5
-39197,19420,1,2.3210000197092633,1.4615174,0.5331797862584432,2.3898550137415566,3
-39197,19420,2,1.9801666339238466,1.0704048666666666,0.20609615180002852,1.9347135815333047,3
-39197,19420,3,1.4204500317573499,0.98516107,0.2205506006587219,1.749771539341278,2
-39197,19420,5,1.13349997997283,0.67835355,0.02481109098892209,1.3318960090110779,1
-39197,19420,7,0.496149986982345,0.4896535,0.0022033473644256785,0.9771036526355743,2
-39197,19420,8,0.52189999818801,0.4204963,0.0,0.9105364532649993,1
-39197,19420,11,0.4760999977588599,0.37113383,0.0,0.76225772087677,1
-39197,19420,13,0.2664999961853,0.35139942,0.0,0.74252331087677,1
-39196,19422,0,2.631199979782102,1.8192473,0.7995590752075195,2.8389355247924803,5
-39196,19422,1,2.0327334006627336,1.7020273999999997,0.6952160990865072,2.7088387009134927,3
-39196,19422,2,1.2637333075205468,1.5070953999999999,0.46353874952036533,2.5506520504796346,3
-39196,19422,3,0.8239000042279533,1.2847901333333334,0.2652842351755778,2.304296031491089,3
-39196,19422,6,0.4990000128745999,0.7415576,0.08969783971557621,1.393417360284424,1
-39196,19422,7,1.39789997041225,0.6738702,0.07016550906677244,1.2775748909332276,2
-39196,19422,9,0.2470999956130899,0.493909,0.0,0.989546834072113,1
-39196,19422,12,0.2347999960184,0.45919472,0.011758744925231934,0.906630695074768,1
-35039,17057,0,2.16500002145767,2.8840608999999997,0.595351855543518,5.172769944456482,2
-35039,17057,1,1.37000000476837,1.2319356,0.09415207262573233,2.3697191273742675,1
-35039,17057,3,0.51999998092651,0.7294361,0.0,1.5408786539970398,1
-35039,17057,5,0.25999999046325,0.40676948,0.0,0.8973641650776673,1
-35039,17057,8,0.31999999284744,0.2385205,0.0,0.6097240417556763,1
-35036,17057,0,1.4700000286102226,1.607888025,0.29869691725006103,2.917079132749939,4
-35036,17057,1,0.9199999868869749,0.8951547449999999,0.1391022509509277,1.6512072390490724,2
-35036,17057,3,0.38999998569488,0.484735,0.0,0.9727786360836029,1
-35036,17057,4,0.23999999463558,0.39716452,0.0,0.8243243956313324,1
-35036,17057,7,0.1400000005960399,0.18652576,0.0,0.4231550970723724,1
-35036,17057,8,0.1400000005960399,0.1563936,0.0,0.37680087734565737,1
-35035,17056,0,2.8666667044162697,2.3701969666666667,0.37672329777348845,4.363670635559845,6
-35035,17056,1,1.409999966621395,1.058328985,0.04029202344451904,2.076365946555481,2
-35035,17056,2,0.41999998688697,0.74131525,0.0015919848289489558,1.481038515171051,1
-35035,17056,3,0.54000002145767,0.517991635,0.0,1.1008674828164673,2
-35035,17056,5,0.23000000417232,0.31825504,0.0,0.6930167704325103,1
-35035,17056,7,0.20000000298023,0.23217127,0.0,0.5728257325759125,1
-35035,17056,8,0.19000000506638998,0.19163449500000002,0.0,0.4557352254191589,2
-35033,17052,0,1.4799999793370533,1.6219667166666667,0.37314750454788204,2.8707859287854514,6
-35033,17052,1,0.9300000369548751,0.858488825,0.13058751527137757,1.5863901347286224,2
-35033,17052,2,0.6700000166893,0.7669743,0.04833123073272705,1.485617369267273,1
-35033,17052,3,0.6499999910593,0.5407265,0.0,1.102712469543457,2
-35033,17052,4,0.2199999988079,0.35423082,0.0,0.7356957781909179,1
-35033,17052,7,0.204999998211855,0.20248897,0.0,0.4423243589584541,2
-35033,17052,8,0.23000000417232,0.16883433,0.0,0.4093771590367127,1
-35033,17053,0,1.8483333388964285,2.3215414333333335,0.4397655971834819,4.203317269483185,6
-35033,17053,1,0.97499999403953,1.1449514500000002,0.18326808727760324,2.1066348127223966,2
-35033,17053,2,0.6200000047683699,0.88199186,0.09509449872146603,1.6688892212785338,1
-35033,17053,3,0.590000003576275,0.5369837799999999,0.01244603786209103,1.0615215221379088,2
-35033,17053,4,0.38999998569488,0.43288696,0.0,0.8727864939870453,1
-35033,17053,7,0.19499999284743502,0.21901989,0.0,0.5260233880773926,2
-35033,17053,8,0.1500000059604599,0.21226273,0.0,0.44595023512599946,1
-35031,17051,0,1.8966666658719333,2.21335525,0.4686995812644959,3.958010918735505,6
-35031,17051,2,1.5733333428700733,0.7297209266666668,0.0,1.5457572503729757,3
-35031,17051,5,0.5899999886751149,0.323741465,0.0,0.772383376149025,2
-35031,17051,6,0.4399999976158099,0.27808732,0.0,0.6858973225653839,1
-35031,17051,7,0.68999999761581,0.21110523,0.0,0.5381839002632904,1
-35031,17051,8,0.51999998092651,0.169018495,0.0,0.4929121910697174,2
-35031,17051,9,0.3400000035762699,0.16840692,0.0,0.4923006160697174,1
-35031,17055,0,1.7583333353201482,2.8547808666666667,0.8432765344421386,4.866285198891195,6
-35031,17055,1,0.70666666825612,1.2470571,0.16441486265462238,2.3296993373453776,3
-35031,17055,2,0.7200000286102199,0.92403114,0.019168736130371067,1.8288935438696288,1
-35031,17055,3,0.6049999892711599,0.78187045,0.0,1.5835399284164429,2
-35031,17055,6,0.24000000953673994,0.387280245,0.0,0.8372001244364929,2
-35030,17052,0,3.5700000226497632,2.62553725,0.4454337393817901,4.80564076061821,4
-35030,17052,2,0.43000000715255493,0.81537527,0.017458112588424668,1.6132924274115754,2
-35030,17052,5,0.179999999701975,0.39841651499999997,0.0,0.8461871403528595,2
-35030,17052,8,0.12500000372528491,0.205652155,0.0,0.5089542046368408,2
-32174,20536,0,5.645629607499999,4.9639523,1.3157376021621703,8.61216699783783,2
-32174,20536,1,1.59431540966033,2.396737,0.2620827164764403,4.5313912835235595,1
-32174,20536,2,0.777297209,1.2865609,0.0,2.689416296270752,1
-32174,20536,4,0.529595599,0.6683244,0.0,1.5564774165672302,1
-32174,20536,5,0.341156403,0.38204232,0.0,0.874914349542923,1
-32173,20537,0,9.57982335,5.3852358,1.403080834599304,9.367390765400696,4
-32173,20537,1,3.222097764,2.2960608,0.15686559621887186,4.435256003781127,2
-32173,20537,3,0.9760782535000001,1.11861857,0.0,2.461691282421417,2
-32173,20537,4,0.726544751,0.7788441,0.0,1.772942822934723,1
-32173,20537,5,0.496163961499995,0.50253858,0.0,1.212979424297409,2
-32173,20537,7,0.3944773179999999,0.34772706,0.0,0.8658086058297729,1
-32173,20537,10,0.282204515,0.2826504,0.0,0.7239596732429505,1
-32172,20536,0,5.77675248,5.0247342,1.3631514916412355,8.686316908358766,2
-32172,20536,1,1.7193932589999998,2.166611,0.1945022782669068,4.138719721733093,1
-32172,20536,3,0.498345573,0.8320002,0.0,1.9343885819580078,1
-32172,20536,5,0.355003811,0.50776774,0.0,1.2555716068632508,1
-32172,20536,7,0.227165749,0.40775293,0.0,1.006220160796814,1
-32172,20536,8,0.2410333529999999,0.31996188,0.0,0.8256056053952026,1
-32167,20535,0,8.50060154125,4.5136392,1.0612642648498536,7.966014135150147,4
-32167,20535,1,4.86635970799999,2.39960495,0.09726325039978034,4.70194664960022,2
-32167,20535,2,0.948840849,1.7394263,0.06178455061798105,3.417068049382019,1
-32167,20535,3,1.207888611,1.1405357,0.0,2.491236793673706,1
-32167,20535,4,0.475505136,0.6808636,0.0,1.6276867201171874,1
-32167,20535,5,0.49210928199999,0.4741701,0.0,1.1145685427452088,1
-32167,20535,8,0.278990781,0.30385944,0.0,0.7874151741575622,1
-32167,20535,10,0.2752313939999999,0.26479855,0.0,0.7068154793880463,1
-32166,20535,0,4.708890418499998,5.23540275,0.9485825767364502,9.522222923263548,4
-32166,20535,1,0.808262236,2.5934277,0.045350831942748915,5.14150456805725,1
-32166,20535,2,1.565592414,2.1010613,0.0,4.20214863177185,1
-32166,20535,4,0.587295329,0.8909906,0.0,2.03985534609375,1
-32166,20535,6,0.35386000499999,0.492985,0.0,1.2435113090133667,1
-32166,20535,9,0.276627219,0.36142004,0.0,0.9048937009458924,1
-32165,20496,0,3.319781707399997,3.2510626,0.8911562841964722,5.610968915803528,10
-32165,20496,1,1.9553780933333333,2.306205266666667,0.6426498829844158,3.9697606503489182,3
-32165,20496,2,0.9718877907499975,1.63427095,0.3447087544605255,2.923833145539475,4
-32165,20496,3,0.621236592599996,0.8932076459999999,0.0,1.9436815386887514,5
-32165,20496,4,0.39279621337376003,0.58771315,0.0,1.3128807224983217,4
-32165,20496,5,0.24769505858421,0.45117563,0.0,1.0226669906643677,1
-32165,20496,6,0.159286397,0.36606404,0.0,0.8237327616758727,1
-32165,20496,7,0.241645804,0.3380698,0.0,0.7916310463951111,1
-32165,20496,8,0.23357184231281,0.25542414,0.0,0.6347953360315705,1
-32165,20496,10,0.232326585,0.24826166,0.0,0.6276328560315705,1
-32163,20522,0,3.505110515499999,4.2366825,1.5072524205398559,6.966112579460145,12
-32163,20522,1,2.72261531083333,1.8973731999999999,0.41643254015909825,3.3783138598409015,6
-32163,20522,2,0.7844743946666667,1.2626870666666667,0.004858540594482393,2.5523031746073404,3
-32163,20522,3,0.7456313301811267,0.9976220333333333,0.0,2.083933055773926,3
-32163,20522,4,0.4369866825,0.6578769624999999,0.0,1.4303559006027222,4
-32163,20522,5,0.252476742,0.45847282,0.0,0.9970807749789429,1
-32163,20522,6,0.5595900555,0.393773645,0.0,0.8795882163806152,2
-32163,20522,7,0.233935688,0.34231136500000003,0.0,0.7536771273529435,2
-32163,20522,8,0.2291529973333333,0.31077734,0.0,0.707392010753479,3
-32163,20522,9,0.21097260699999995,0.26089126,0.0,0.6197419179399108,2
-32163,20522,10,0.11456611933333334,0.25091177,0.0,0.6049955762763214,3
-32145,20524,0,3.5030737584999976,5.3349872000000005,1.0151639349243164,9.654810465075684,4
-32145,20524,1,1.585302854,2.0968914,0.008614298483276439,4.185168501516724,1
-32145,20524,2,1.487573099,1.4847873,0.0,3.1091305760238646,1
-32145,20524,3,1.721872947,0.9512065,0.0,2.209637815422058,1
-32145,20524,4,0.511138236,0.711841,0.0,1.7184102663192748,1
-32145,20524,5,0.664276677,0.60043645,0.0,1.4475507745697023,1
-32145,20524,6,0.396488806,0.46116856,0.0,1.1339562859254455,1
-32145,20524,8,0.14923554899999,0.3407553,0.0,0.8840599817779541,1
-32144,20523,0,2.8108763945,5.180747500000001,0.78328131729126,9.578213682708741,2
-32144,20523,1,2.6390568319999996,2.1648798,0.03245806805114748,4.297301531948852,1
-32144,20523,3,0.6838367359999901,0.94235694,0.0,2.180071588246765,1
-32144,20523,5,0.328016852,0.45344278,0.0,1.1154784240544129,1
-32144,20523,8,0.303083163,0.34599832,0.0,0.8790291279719544,1
-32144,20523,10,0.209386168,0.30429527,0.0,0.8076017184596253,1
-32144,20524,0,4.911799961,5.180747500000001,0.78328131729126,9.578213682708741,2
-32144,20524,1,3.14162539,2.3404777,0.008650536303711043,4.672304863696289,1
-32144,20524,3,0.795029977,1.1650071,0.0,2.6013146494766235,1
-32144,20524,4,0.528499763,0.65388024,0.0,1.514462114847412,1
-32049,20623,0,2.8718551494999978,2.81184236,0.6728178639215088,4.950866856078491,10
-32049,20623,1,2.383247174,2.0600476,0.5569306347061156,3.563164565293884,1
-32049,20623,2,1.9442024405,1.52130775,0.227739248103714,2.821823550714493,4
-32049,20623,3,0.706508901,0.9134857,0.0,1.9595679582244871,1
-32049,20623,4,0.7640719945000001,0.634089155,0.0,1.4159447977955626,4
-32049,20623,5,0.552285444,0.38039842,0.0,0.8169319008826447,1
-32049,20623,6,0.4872179259999999,0.3518912,0.0,0.7798385125934602,1
-32049,20623,7,0.458093309,0.3230454,0.0,0.7237420352462769,1
-32049,20623,8,0.2692011869999999,0.24629532,0.0,0.5891159941809845,1
-32049,20623,9,0.215061047,0.24063954,0.0,0.5834602141809845,1
