DSP_Pedon,DSP_Pedon_ID,final_lat,final_lon,z_mid,observed,predicted
S2018KS153101,KeCF3-1,39.9519869,-100.89697265625,2.5,1.298786803,1.2045908
S2018KS153101,KeCF3-1,39.9519869,-100.89697265625,7.5,1.347896905,1.3370675
S2018KS153101,KeCF3-1,39.9519869,-100.89697265625,16.5,1.394038814,1.4820102
S2018KS153101,KeCF3-1,39.9519869,-100.89697265625,31.5,1.358523671,1.4834559
S2018KS153101,KeCF3-1,39.9519869,-100.89697265625,48.5,1.30281053,1.4879909
S2018KS153101,KeCF3-1,39.9519869,-100.89697265625,65.5,1.370904369,1.3920475
S2018KS153101,KeCF3-1,39.9519869,-100.89697265625,87.0,1.017617978,1.3315585
S2018KS153102,KeCF3-2,39.9521612,-100.8967806,2.5,0.859426784,1.2043204
S2018KS153102,KeCF3-2,39.9521612,-100.8967806,7.5,1.422439024,1.3367809
S2018KS153102,KeCF3-2,39.9521612,-100.8967806,15.5,1.393180246,1.4806885
S2018KS153102,KeCF3-2,39.9521612,-100.8967806,28.5,1.199981955,1.4831514
S2018KS153102,KeCF3-2,39.9521612,-100.8967806,44.0,1.353542374,1.4876858
S2018KS153102,KeCF3-2,39.9521612,-100.8967806,63.5,1.244338646,1.4306061
S2018KS153102,KeCF3-2,39.9521612,-100.8967806,87.5,1.237749962,1.3272061
S2018KS153103,KeCF3-3,39.9521612,-100.8967806,2.5,1.114623921,1.2043204
S2018KS153103,KeCF3-3,39.9521612,-100.8967806,7.5,1.454009804,1.3367809
S2018KS153103,KeCF3-3,39.9521612,-100.8967806,15.5,0.788611771,1.4806885
S2018KS153103,KeCF3-3,39.9521612,-100.8967806,29.0,1.274615425,1.4831514
S2018KS153103,KeCF3-3,39.9521612,-100.8967806,43.5,1.268902496,1.4876858
S2018KS153103,KeCF3-3,39.9521612,-100.8967806,66.5,1.281685964,1.3884662
S2018KS153104,KeC3-1,39.978288,-100.868944,2.5,1.3557896,1.2330678
S2018KS153104,KeC3-1,39.978288,-100.868944,7.5,1.3557896,1.3566387
S2018KS153104,KeC3-1,39.978288,-100.868944,16.5,1.319496695,1.4490566
S2018KS153104,KeC3-1,39.978288,-100.868944,31.0,1.267764127,1.4517467
S2018KS153104,KeC3-1,39.978288,-100.868944,48.0,1.21216204,1.4590611
S2018KS153104,KeC3-1,39.978288,-100.868944,67.0,1.325972752,1.375958
S2018KS153104,KeC3-1,39.978288,-100.868944,88.5,1.268741182,1.3038616
S2018KS153105,KeC3-2,39.978452,-100.868986,2.5,1.316326125,1.2330678
S2018KS153105,KeC3-2,39.978452,-100.868986,7.5,1.332111515,1.3566387
S2018KS153105,KeC3-2,39.978452,-100.868986,12.5,1.282124447,1.4354991
S2018KS153105,KeC3-2,39.978452,-100.868986,20.5,1.477289268,1.4495752
S2018KS153105,KeC3-2,39.978452,-100.868986,30.5,1.372451956,1.4517467
S2018KS153105,KeC3-2,39.978452,-100.868986,45.0,1.27401251,1.4590611
S2018KS153105,KeC3-2,39.978452,-100.868986,70.5,1.313044574,1.3711717
S2018KS153105,KeC3-2,39.978452,-100.868986,93.0,1.334554492,1.297414
S2018KS153106,KeC3-3,39.9783659,-100.8687585,2.5,1.252307599,1.2330678
S2018KS153106,KeC3-3,39.9783659,-100.8687585,7.5,1.210213226,1.3566387
S2018KS153106,KeC3-3,39.9783659,-100.8687585,14.0,1.258446362,1.4455196
S2018KS153106,KeC3-3,39.9783659,-100.8687585,23.5,1.427461648,1.4511725
S2018KS153106,KeC3-3,39.9783659,-100.8687585,35.0,1.348335388,1.4536252
S2018KS153106,KeC3-3,39.9783659,-100.8687585,49.0,1.303390875,1.4590611
S2018KS153106,KeC3-3,39.9783659,-100.8687585,66.5,1.313141353,1.375958
S2018KS153106,KeC3-3,39.9783659,-100.8687585,88.0,1.225194731,1.3091826
S2018KS153107,KeN3-1,39.9736474,-100.8692162,2.5,1.056744158,1.2423894
S2018KS153107,KeN3-1,39.9736474,-100.8692162,7.5,1.420685092,1.3656976
S2018KS153107,KeN3-1,39.9736474,-100.8692162,17.5,1.254736121,1.494565
S2018KS153107,KeN3-1,39.9736474,-100.8692162,34.0,1.301668263,1.4998579
S2018KS153107,KeN3-1,39.9736474,-100.8692162,50.0,1.35582614,1.5053962
S2018KS153107,KeN3-1,39.9736474,-100.8692162,70.0,1.164903311,1.403973
S2018KS153107,KeN3-1,39.9736474,-100.8692162,91.5,1.348993112,1.3346674
S2018KS153108,KeN3-2,39.9739409,-100.8692095,2.5,0.686664461,1.2423894
S2018KS153108,KeN3-2,39.9739409,-100.8692095,7.5,1.275985684,1.3656976
S2018KS153108,KeN3-2,39.9739409,-100.8692095,17.5,1.297909837,1.494565
S2018KS153108,KeN3-2,39.9739409,-100.8692095,35.0,1.330169661,1.4998579
S2018KS153108,KeN3-2,39.9739409,-100.8692095,58.0,1.348136077,1.4921678
S2018KS153108,KeN3-2,39.9739409,-100.8692095,78.0,1.431647168,1.3744063
S2018KS153108,KeN3-2,39.9739409,-100.8692095,92.5,1.33862612,1.3346674
S2018KS153109,KeN3-3,39.9737363,-100.8690184,2.5,0.734897597,1.1815972
S2018KS153109,KeN3-3,39.9737363,-100.8690184,7.5,1.158472226,1.3053561
S2018KS153109,KeN3-3,39.9737363,-100.8690184,18.0,1.290236383,1.4302775
S2018KS153109,KeN3-3,39.9737363,-100.8690184,35.0,1.237691498,1.435434
S2018KS153109,KeN3-3,39.9737363,-100.8690184,54.5,1.301807464,1.4325023
S2018KS153109,KeN3-3,39.9737363,-100.8690184,72.0,1.30271227,1.3223612
S2018KS153109,KeN3-3,39.9737363,-100.8690184,89.5,1.189385281,1.2803589
S2018KS179104,KeCF1-1,39.2447359,-100.5431538,2.5,1.495227211,1.1792558
S2018KS179104,KeCF1-1,39.2447359,-100.5431538,7.5,1.26107726,1.3038814
S2018KS179104,KeCF1-1,39.2447359,-100.5431538,14.0,1.396568524,1.4357646
S2018KS179104,KeCF1-1,39.2447359,-100.5431538,22.5,1.426531532,1.440416
S2018KS179104,KeCF1-1,39.2447359,-100.5431538,32.0,1.518466812,1.4413205
S2018KS179104,KeCF1-1,39.2447359,-100.5431538,48.0,1.168358026,1.4446414
S2018KS179104,KeCF1-1,39.2447359,-100.5431538,79.5,1.149574228,1.3358982
S2018KS179105,KeCF1-2,39.2450134,-100.5430643,2.5,1.275108718,1.180338
S2018KS179105,KeCF1-2,39.2450134,-100.5430643,7.5,1.3557896,1.3038814
S2018KS179105,KeCF1-2,39.2450134,-100.5430643,14.0,1.470562539,1.4357646
S2018KS179105,KeCF1-2,39.2450134,-100.5430643,25.0,1.24811069,1.4413205
S2018KS179105,KeCF1-2,39.2450134,-100.5430643,38.5,1.282731577,1.4421324
S2018KS179105,KeCF1-2,39.2450134,-100.5430643,55.5,1.019368697,1.4376497
S2018KS179105,KeCF1-2,39.2450134,-100.5430643,83.0,1.077352861,1.3281319
S2018KS179106,KeCF1-3,39.2447102,-100.5427146,2.5,1.06288292,1.1792558
S2018KS179106,KeCF1-3,39.2447102,-100.5427146,7.5,1.259323328,1.3038814
S2018KS179106,KeCF1-3,39.2447102,-100.5427146,14.0,1.093467113,1.4357646
S2018KS179106,KeCF1-3,39.2447102,-100.5427146,61.5,1.265377223,1.4152184
S2018KS179106,KeCF1-3,39.2447102,-100.5427146,86.0,1.411671829,1.3196802
S2018KS179106,KeCF1-3,39.2447102,-100.5427146,97.5,1.571523262,1.3122605
S2018KS179107,KeN1-1,39.249205,-100.56165313720705,2.5,1.153210429,1.1675766
S2018KS179107,KeN1-1,39.249205,-100.56165313720705,7.5,1.247045803,1.2731822
S2018KS179107,KeN1-1,39.249205,-100.56165313720705,16.5,0.795992902,1.3978037
S2018KS179107,KeN1-1,39.249205,-100.56165313720705,33.5,1.210944031,1.3998141
S2018KS179107,KeN1-1,39.249205,-100.56165313720705,56.0,1.239654231,1.3859041
S2018KS179107,KeN1-1,39.249205,-100.56165313720705,74.0,0.988779284,1.2801911
S2018KS179107,KeN1-1,39.249205,-100.56165313720705,90.0,1.109362124,1.2514759
S2018KS179108,KeN1-2,39.249205,-100.56165313720705,2.5,0.885735767,1.1675766
S2018KS179108,KeN1-2,39.249205,-100.56165313720705,7.5,1.083053141,1.2731822
S2018KS179108,KeN1-2,39.249205,-100.56165313720705,19.0,1.180688701,1.3978037
S2018KS179108,KeN1-2,39.249205,-100.56165313720705,35.0,1.234768277,1.3998141
S2018KS179108,KeN1-2,39.249205,-100.56165313720705,53.0,1.099749226,1.3872179
S2018KS179108,KeN1-2,39.249205,-100.56165313720705,75.0,1.16479891,1.2801911
S2018KS179108,KeN1-2,39.249205,-100.56165313720705,93.0,1.148240955,1.2581491
S2018KS179109,KeN1-3,39.249205,-100.56165313720705,2.5,0.848903191,1.1675766
S2018KS179109,KeN1-3,39.249205,-100.56165313720705,7.5,1.210213226,1.2731822
S2018KS179109,KeN1-3,39.249205,-100.56165313720705,18.0,1.181437776,1.3978037
S2018KS179109,KeN1-3,39.249205,-100.56165313720705,33.5,1.201199963,1.3998141
S2018KS179109,KeN1-3,39.249205,-100.56165313720705,50.0,0.991180501,1.4030786
S2018KS179109,KeN1-3,39.249205,-100.56165313720705,69.5,1.177640199,1.3001448
S2018KS179109,KeN1-3,39.249205,-100.56165313720705,90.0,1.096207632,1.2514759
S2018KS179110,KeC1-1,39.244626,-100.557271,2.5,1.11023909,1.2393117
S2018KS179110,KeC1-1,39.244626,-100.557271,7.5,1.420685092,1.355421
S2018KS179110,KeC1-1,39.244626,-100.557271,16.5,1.269239791,1.4468125
S2018KS179110,KeC1-1,39.244626,-100.557271,29.5,1.277334863,1.4490399
S2018KS179110,KeC1-1,39.244626,-100.557271,45.0,1.324462422,1.4533246
S2018KS179110,KeC1-1,39.244626,-100.557271,61.5,1.403438092,1.4246118
S2018KS179110,KeC1-1,39.244626,-100.557271,78.0,1.287678566,1.3327483
S2018KS179110,KeC1-1,39.244626,-100.557271,93.5,1.111048597,1.2933105
S2018KS179111,KeC1-2,39.244626,-100.557271,2.5,1.268092989,1.2393117
S2018KS179111,KeC1-2,39.244626,-100.557271,7.5,1.313695227,1.355421
S2018KS179111,KeC1-2,39.244626,-100.557271,17.5,1.305217888,1.4468125
S2018KS179111,KeC1-2,39.244626,-100.557271,30.5,1.313456054,1.4490399
S2018KS179111,KeC1-2,39.244626,-100.557271,47.5,1.327269137,1.4533246
S2018KS179111,KeC1-2,39.244626,-100.557271,68.5,1.201212785,1.3728768
S2018KS179111,KeC1-2,39.244626,-100.557271,89.0,1.077273137,1.3055704
S2018KS179112,KeC1-3,39.244626,-100.557271,2.5,0.989217767,1.2393117
S2018KS179112,KeC1-3,39.244626,-100.557271,7.5,1.182150311,1.355421
S2018KS179112,KeC1-3,39.244626,-100.557271,17.0,1.181085423,1.4468125
S2018KS179112,KeC1-3,39.244626,-100.557271,31.0,1.235582603,1.4490399
S2018KS193101,KeC2-1,39.3817794,-101.0631493,2.5,0.933968903,1.2088364
S2018KS193101,KeC2-1,39.3817794,-101.0631493,7.5,1.140932904,1.3352423
S2018KS193101,KeC2-1,39.3817794,-101.0631493,16.0,1.221540705,1.4241792
S2018KS193101,KeC2-1,39.3817794,-101.0631493,32.0,1.319614748,1.4268419
S2018KS193101,KeC2-1,39.3817794,-101.0631493,49.0,1.382474426,1.4310876
S2018KS193101,KeC2-1,39.3817794,-101.0631493,62.5,1.368067125,1.3967992
S2018KS193101,KeC2-1,39.3817794,-101.0631493,76.5,1.256107786,1.310604
S2018KS193101,KeC2-1,39.3817794,-101.0631493,92.0,1.242825403,1.2654628
S2018KS193102,KeC2-2,39.3815262,-101.0632519,2.5,1.382098583,1.2059586
S2018KS193102,KeC2-2,39.3815262,-101.0632519,7.5,1.451378905,1.3234982
S2018KS193102,KeC2-2,39.3815262,-101.0632519,16.5,1.447331369,1.4143131
S2018KS193102,KeC2-2,39.3815262,-101.0632519,31.5,1.266184298,1.416965
S2018KS193102,KeC2-2,39.3815262,-101.0632519,48.0,1.334358741,1.4211935
S2018KS193102,KeC2-2,39.3815262,-101.0632519,62.5,1.224716896,1.3871491
S2018KS193102,KeC2-2,39.3815262,-101.0632519,74.0,1.274231752,1.3041663
S2018KS193102,KeC2-3,39.3816973,-101.0629297,89.5,1.297544434,1.2675717
S2018KS193103,KeC2-3,39.3816973,-101.0629297,2.5,1.15759526,1.2088364
S2018KS193103,KeC2-3,39.3816973,-101.0629297,7.5,1.404899702,1.3352423
S2018KS193103,KeC2-3,39.3816973,-101.0629297,18.0,1.356008841,1.4241792
S2018KS193103,KeC2-3,39.3816973,-101.0629297,33.0,1.28694776,1.4268419
S2018KS193103,KeC2-3,39.3816973,-101.0629297,46.0,1.357105049,1.4310876
S2018KS193103,KeC2-3,39.3816973,-101.0629297,59.0,1.372765158,1.4195653
S2018KS193103,KeC2-3,39.3816973,-101.0629297,73.5,1.328019006,1.310604
S2018KS193103,KeC2-3,39.3816973,-101.0629297,90.5,1.334373164,1.2614827
S2018KS193104,KeN2-1,39.3843208,-101.0636022,2.5,0.917306547,1.166966
S2018KS193104,KeN2-1,39.3843208,-101.0636022,7.5,1.208459294,1.2860763
S2018KS193104,KeN2-1,39.3843208,-101.0636022,17.5,1.205828396,1.4256207
S2018KS193104,KeN2-1,39.3843208,-101.0636022,34.5,1.196135612,1.4289062
S2018KS193104,KeN2-1,39.3843208,-101.0636022,57.0,1.228764432,1.4262495
S2018KS193104,KeN2-1,39.3843208,-101.0636022,79.0,1.274280472,1.3095065
S2018KS193104,KeN2-1,39.3843208,-101.0636022,94.0,1.414107846,1.2890399
S2018KS193105,KeN2-2,39.3840397,-101.0636425,2.5,0.81294758,1.1637139
S2018KS193105,KeN2-2,39.3840397,-101.0636425,7.5,1.010264954,1.2826455
S2018KS193105,KeN2-2,39.3840397,-101.0636425,18.0,1.251321012,1.4219804
S2018KS193105,KeN2-2,39.3840397,-101.0636425,36.0,1.242880214,1.4257314
S2018KS193105,KeN2-2,39.3840397,-101.0636425,57.5,1.157023325,1.4191651
S2018KS193105,KeN2-2,39.3840397,-101.0636425,81.0,1.333901987,1.2874917
S2018KS193105,KeN2-2,39.3840397,-101.0636425,96.5,1.425069922,1.2590495
S2018KS193106,KeN2-3,39.384217,-101.063449,2.5,0.755067817,1.1637139
S2018KS193106,KeN2-3,39.384217,-101.063449,7.5,1.274231752,1.2826455
S2018KS193106,KeN2-3,39.384217,-101.063449,17.5,1.104977293,1.4219804
S2018KS193106,KeN2-3,39.384217,-101.063449,34.5,1.008049461,1.4252611
S2018KS193106,KeN2-3,39.384217,-101.063449,50.0,1.129093861,1.429504
S2018KS193106,KeN2-3,39.384217,-101.063449,69.0,1.31662969,1.3231354
S2018KS193106,KeN2-3,39.384217,-101.063449,91.0,1.292306998,1.2561578
C1B,CeC1-2,35.73571014404297,-78.68135070800781,2.5,1.536133195,1.3833954
C1B,CeC1-2,35.73571014404297,-78.68135070800781,7.5,1.83819412,1.3860273
C1B,CeC1-2,35.73571014404297,-78.68135070800781,17.0,0.859146172,1.4310417
C1B,CeC1-2,35.73571014404297,-78.68135070800781,42.5,1.706353197,1.4324207
C1B,CeC1-2,35.73571014404297,-78.68135070800781,80.5,1.891973333,1.123412
C1C,CeC1-3,35.735939025878906,-78.68177032470703,2.5,1.537952109,1.3660876
C1C,CeC1-3,35.735939025878906,-78.68177032470703,7.5,1.678978546,1.3687004
C1C,CeC1-3,35.735939025878906,-78.68177032470703,38.0,1.656120865,1.4111273
C1C,CeC1-3,35.735939025878906,-78.68177032470703,77.5,1.764467487,1.1079259
C1Pit,CeC1-1,35.735469818115234,-78.68930053710938,2.5,0.870713957,1.2462301
C1Pit,CeC1-1,35.735469818115234,-78.68930053710938,7.5,1.541044262,1.2791756
C1Pit,CeC1-1,35.735469818115234,-78.68930053710938,31.0,1.582248168,1.3681517
C1Pit,CeC1-1,35.735469818115234,-78.68930053710938,55.5,1.668044854,1.3283256
C1Pit,CeC1-1,35.735469818115234,-78.68930053710938,84.5,1.912587688,0.9718387
C2A,CeC2-1,35.727909088134766,-78.6749496459961,2.5,1.182778907,1.3516091
C2A,CeC2-1,35.727909088134766,-78.6749496459961,7.5,1.31531708,1.3556228
C2A,CeC2-1,35.727909088134766,-78.6749496459961,17.5,1.687951854,1.3972088
C2A,CeC2-1,35.727909088134766,-78.6749496459961,71.5,1.865538455,1.1053718
C2B,CeC2-2,35.7276496887207,-78.67524719238281,2.5,1.67946359,1.354834
C2B,CeC2-2,35.7276496887207,-78.67524719238281,7.5,1.67146037,1.3588532
C2B,CeC2-2,35.7276496887207,-78.67524719238281,49.0,1.838436642,1.4021894
C2B,CeC2-2,35.7276496887207,-78.67524719238281,82.0,1.811880503,1.0971998
C2C,CeC2-3,35.72739028930664,-78.67555236816406,2.5,1.404807631,1.354834
C2C,CeC2-3,35.72739028930664,-78.67555236816406,7.5,1.570935076,1.3588532
C2C,CeC2-3,35.72739028930664,-78.67555236816406,36.0,1.636415967,1.4001174
C2C,CeC2-3,35.72739028930664,-78.67555236816406,73.0,1.767317119,1.1100715
C3A,CeC3-1,35.724510192871094,-78.67194366455078,2.5,1.445915079,1.3463311
C3A,CeC3-1,35.724510192871094,-78.67194366455078,7.5,1.696318856,1.3499303
C3A,CeC3-1,35.724510192871094,-78.67194366455078,29.5,1.758586333,1.3877965
C3B,CeC3-2,35.72481155395508,-78.67194366455078,2.5,1.597733737,1.3463311
C3B,CeC3-2,35.72481155395508,-78.67194366455078,7.5,1.520005495,1.3499303
C3B,CeC3-2,35.72481155395508,-78.67194366455078,24.5,1.841468164,1.3877965
C3C,CeC3-3,35.7251091003418,-78.67194366455078,2.5,1.703715772,1.3463311
C3C,CeC3-3,35.7251091003418,-78.67194366455078,7.5,1.843044556,1.3499303
C3C,CeC3-3,35.7251091003418,-78.67194366455078,94.5,1.774532143,0.98080325
F3B,CeF3-2,35.72618865966797,-78.66951751708984,2.5,1.667216238,1.229557
F3B,CeF3-2,35.72618865966797,-78.66951751708984,7.5,1.986738733,1.2672186
F3PIT,CeF3-1,35.72611999511719,-78.66969299316406,2.5,0.311519275,1.2459315
F3PIT,CeF3-1,35.72611999511719,-78.66969299316406,7.5,1.276998633,1.2699548
F3PIT,CeF3-1,35.72611999511719,-78.66969299316406,25.0,1.448764711,1.3581624
F3PIT,CeF3-1,35.72611999511719,-78.66969299316406,55.0,1.686981766,1.3196725
F3PIT,CeF3-1,35.72611999511719,-78.66969299316406,85.0,1.733727847,1.0257769
P1A,CeH1-1,35.73408889770508,-78.68048095703125,2.5,1.052908473,1.3244536
P1A,CeH1-1,35.73408889770508,-78.68048095703125,7.5,1.676189545,1.339253
P1A,CeH1-1,35.73408889770508,-78.68048095703125,87.5,1.965214922,1.0551124
P1B,CeH1-2,35.73442840576172,-78.680419921875,2.5,0.898058292,1.3345094
P1B,CeH1-2,35.73442840576172,-78.680419921875,7.5,1.457919909,1.3433213
P1B,CeH1-2,35.73442840576172,-78.680419921875,16.5,1.52723451,1.3925643
P1B,CeH1-2,35.73442840576172,-78.680419921875,36.0,1.689649506,1.3921866
P1B,CeH1-2,35.73442840576172,-78.680419921875,74.5,1.616589809,1.0969827
P1PIT,CeH1-3,35.734771728515625,-78.68035888671875,2.5,1.380434188,1.3345094
P1PIT,CeH1-3,35.734771728515625,-78.68035888671875,7.5,1.801755217,1.3433213
P1PIT,CeH1-3,35.734771728515625,-78.68035888671875,38.5,1.78073767,1.3921866
P2A,CeH2-1,35.7287712097168,-78.67504119873047,2.5,1.25529293,1.3130335
P2A,CeH2-1,35.7287712097168,-78.67504119873047,7.5,1.796116584,1.3221465
P2A,CeH2-1,35.7287712097168,-78.67504119873047,46.0,1.83558701,1.3685395
P2B,CeH2-2,35.72871017456055,-78.6747817993164,2.5,1.386861016,1.3107332
P2B,CeH2-2,35.72871017456055,-78.6747817993164,7.5,1.728574258,1.3198372
P2B,CeH2-2,35.72871017456055,-78.6747817993164,36.5,1.859111627,1.3675442
P2B,CeH2-2,35.72871017456055,-78.6747817993164,79.0,1.693893638,1.0405855
P2C,CeH2-3,35.7286491394043,-78.67452239990234,2.5,1.221097354,1.3099803
P2C,CeH2-3,35.7286491394043,-78.67452239990234,7.5,1.552867201,1.3190812
P2C,CeH2-3,35.7286491394043,-78.67452239990234,16.0,1.938355631,1.3671463
P2C,CeH2-3,35.7286491394043,-78.67452239990234,37.0,1.563841313,1.3667727
P2C,CeH2-3,35.7286491394043,-78.67452239990234,76.0,1.73421289,1.0349928
P3A,CeH3-1,35.732460021972656,-78.67191314697266,2.5,1.531282759,1.2962172
P3A,CeH3-1,35.732460021972656,-78.67191314697266,7.5,1.756585528,1.3062718
P3A,CeH3-1,35.732460021972656,-78.67191314697266,35.0,1.688073115,1.3525306
P3A,CeH3-1,35.732460021972656,-78.67191314697266,63.5,1.879786612,1.1723961
P3B,CeH3-2,35.73284912109375,-78.67204284667969,2.5,1.366367923,1.2965616
P3B,CeH3-2,35.73284912109375,-78.67204284667969,7.5,1.602462913,1.3066176
P3B,CeH3-2,35.73284912109375,-78.67204284667969,17.0,1.957064457,1.3503702
P3B,CeH3-2,35.73284912109375,-78.67204284667969,34.0,1.619852829,1.3499992
P3C,CeH3-3,35.73324966430664,-78.67214965820312,2.5,1.565720857,1.2965616
P3C,CeH3-3,35.73324966430664,-78.67214965820312,7.5,1.722511213,1.3066176
P3C,CeH3-3,35.73324966430664,-78.67214965820312,15.0,1.884394526,1.3511981
P3C,CeH3-3,35.73324966430664,-78.67214965820312,28.0,1.381085966,1.3499992
P3C,CeH3-3,35.73324966430664,-78.67214965820312,68.0,1.915255428,1.0693138
NAT_R1,NAT-1-1,32.060626,-102.406408,2.5,1.54,1.3628392
NAT_R1,NAT-1-1,32.060626,-102.406408,7.5,1.58,1.3808594
NAT_R1,NAT-1-1,32.060626,-102.406408,20.0,1.64,1.4401143
NAT_R1,NAT-1-1,32.060626,-102.406408,50.0,1.6,1.4420813
NAT_R1,NAT-1-1,32.060626,-102.406408,85.0,1.57,1.2786701
NAT_R2,NAT-2-2,33.059817,-102.406791,2.5,1.63,1.3454043
NAT_R2,NAT-2-2,33.059817,-102.406791,7.5,1.71,1.3611423
NAT_R2,NAT-2-2,33.059817,-102.406791,20.0,1.27,1.4192251
NAT_R2,NAT-2-2,33.059817,-102.406791,50.0,1.7,1.4211755
NAT_R2,NAT-2-2,33.059817,-102.406791,85.0,1.5,1.2451961
NAT_R3,NAT-3-3,33.060119,-102.406186,2.5,1.83,1.3479582
NAT_R3,NAT-3-3,33.060119,-102.406186,7.5,1.52,1.3637134
NAT_R3,NAT-3-3,33.060119,-102.406186,20.0,1.58,1.4218595
NAT_R3,NAT-3-3,33.060119,-102.406186,50.0,1.64,1.4238119
NAT_R3,NAT-3-3,33.060119,-102.406186,85.0,1.54,1.2448939
P1_R1a,CVT-1-1,32.774177,-101.94719696044922,2.5,1.11,1.4025604
P1_R1a,CVT-1-1,32.774177,-101.94719696044922,7.5,1.15,1.42086
P1_R1a,CVT-1-1,32.774177,-101.94719696044922,22.5,1.43,1.4833204
P1_R1a,CVT-1-1,32.774177,-101.94719696044922,55.0,1.44,1.4807215
P1_R1a,CVT-1-1,32.774177,-101.94719696044922,87.5,1.37,1.3108917
P1_R1b,CVT-1-2,32.774177,-101.94719696044922,2.5,1.13,1.4025604
P1_R1b,CVT-1-2,32.774177,-101.94719696044922,7.5,1.45,1.42086
P1_R1b,CVT-1-2,32.774177,-101.94719696044922,22.5,1.36,1.4833204
P1_R1b,CVT-1-2,32.774177,-101.94719696044922,55.0,1.54,1.4807215
P1_R1b,CVT-1-2,32.774177,-101.94719696044922,87.5,1.43,1.3108917
P1_R1c,CVT-1-3,32.774177,-101.94719696044922,2.5,1.72,1.4025604
P1_R1c,CVT-1-3,32.774177,-101.94719696044922,7.5,1.06,1.42086
P1_R1c,CVT-1-3,32.774177,-101.94719696044922,22.5,1.59,1.4833204
P1_R1c,CVT-1-3,32.774177,-101.94719696044922,55.0,1.55,1.4807215
P1_R1c,CVT-1-3,32.774177,-101.94719696044922,87.5,1.48,1.3108917
P2_R1a,NTR-1-1,32.775007,-101.947399,2.5,1.35,1.4025604
P2_R1a,NTR-1-1,32.775007,-101.947399,7.5,1.3,1.42086
P2_R1a,NTR-1-1,32.775007,-101.947399,22.5,1.48,1.4833204
P2_R1a,NTR-1-1,32.775007,-101.947399,55.0,1.46,1.4807215
P2_R1a,NTR-1-1,32.775007,-101.947399,87.5,1.47,1.3108917
P2_R1b,NTR-1-2,32.775007,-101.947399,2.5,1.5,1.4025604
P2_R1b,NTR-1-2,32.775007,-101.947399,7.5,1.3,1.42086
P2_R1b,NTR-1-2,32.775007,-101.947399,22.5,1.57,1.4833204
P2_R1b,NTR-1-2,32.775007,-101.947399,55.0,1.51,1.4807215
P2_R1b,NTR-1-2,32.775007,-101.947399,87.5,1.51,1.3108917
P2_R1c,NTR-1-3,32.775007,-101.947399,2.5,1.67,1.4025604
P2_R1c,NTR-1-3,32.775007,-101.947399,7.5,1.44,1.42086
P2_R1c,NTR-1-3,32.775007,-101.947399,22.5,1.49,1.4833204
P2_R1c,NTR-1-3,32.775007,-101.947399,55.0,1.49,1.4807215
P2_R1c,NTR-1-3,32.775007,-101.947399,87.5,1.59,1.3108917
P3_R1a,NTM-1-1,32.774275,-101.946881,2.5,1.21,1.4025604
P3_R1a,NTM-1-1,32.774275,-101.946881,7.5,0.82,1.42086
P3_R1a,NTM-1-1,32.774275,-101.946881,22.5,1.49,1.4833204
P3_R1a,NTM-1-1,32.774275,-101.946881,55.0,1.4,1.4807215
P3_R1a,NTM-1-1,32.774275,-101.946881,87.5,1.5,1.3108917
P3_R1b,NTM-1-2,32.774275,-101.946881,2.5,1.31,1.4025604
P3_R1b,NTM-1-2,32.774275,-101.946881,7.5,1.5,1.42086
P3_R1b,NTM-1-2,32.774275,-101.946881,22.5,1.65,1.4833204
P3_R1b,NTM-1-2,32.774275,-101.946881,55.0,1.55,1.4807215
P3_R1b,NTM-1-2,32.774275,-101.946881,87.5,1.5,1.3108917
P3_R1c,NTM-1-3,32.774275,-101.946881,2.5,1.58,1.4025604
P3_R1c,NTM-1-3,32.774275,-101.946881,7.5,1.27,1.42086
P3_R1c,NTM-1-3,32.774275,-101.946881,22.5,1.51,1.4833204
P3_R1c,NTM-1-3,32.774275,-101.946881,55.0,1.47,1.4807215
P3_R1c,NTM-1-3,32.774275,-101.946881,87.5,1.45,1.3108917
P4_R2a,NTR-2-1,32.775007,-101.947399,2.5,1.37,1.4025604
P4_R2a,NTR-2-1,32.775007,-101.947399,7.5,1.22,1.42086
P4_R2a,NTR-2-1,32.775007,-101.947399,22.5,1.41,1.4833204
P4_R2a,NTR-2-1,32.775007,-101.947399,55.0,1.32,1.4807215
P4_R2a,NTR-2-1,32.775007,-101.947399,87.5,1.52,1.3108917
P4_R2b,NTR-2-2,32.775007,-101.947399,2.5,1.27,1.4025604
P4_R2b,NTR-2-2,32.775007,-101.947399,7.5,1.21,1.42086
P4_R2b,NTR-2-2,32.775007,-101.947399,22.5,1.5,1.4833204
P4_R2b,NTR-2-2,32.775007,-101.947399,55.0,1.45,1.4807215
P4_R2b,NTR-2-2,32.775007,-101.947399,87.5,1.39,1.3108917
P4_R2c,NTR-2-3,32.775007,-101.947399,2.5,1.45,1.4025604
P4_R2c,NTR-2-3,32.775007,-101.947399,7.5,1.49,1.42086
P4_R2c,NTR-2-3,32.775007,-101.947399,22.5,1.49,1.4833204
P4_R2c,NTR-2-3,32.775007,-101.947399,55.0,1.38,1.4807215
P4_R2c,NTR-2-3,32.775007,-101.947399,87.5,1.29,1.3108917
P5_R2a,NTM-2-1,32.775004,-101.947229,2.5,0.92,1.4025604
P5_R2a,NTM-2-1,32.775004,-101.947229,7.5,1.47,1.42086
P5_R2a,NTM-2-1,32.775004,-101.947229,22.5,1.51,1.4833204
P5_R2a,NTM-2-1,32.775004,-101.947229,55.0,1.41,1.4807215
P5_R2a,NTM-2-1,32.775004,-101.947229,87.5,1.51,1.3108917
P5_R2b,NTM-2-2,32.775004,-101.947229,2.5,1.61,1.4025604
P5_R2b,NTM-2-2,32.775004,-101.947229,7.5,1.63,1.42086
P5_R2b,NTM-2-2,32.775004,-101.947229,22.5,1.51,1.4833204
P5_R2b,NTM-2-2,32.775004,-101.947229,55.0,1.39,1.4807215
P5_R2b,NTM-2-2,32.775004,-101.947229,87.5,1.44,1.3108917
P5_R2c,NTM-2-3,32.775004,-101.947229,2.5,1.64,1.4025604
P5_R2c,NTM-2-3,32.775004,-101.947229,7.5,1.38,1.42086
P5_R2c,NTM-2-3,32.775004,-101.947229,22.5,1.52,1.4833204
P5_R2c,NTM-2-3,32.775004,-101.947229,55.0,1.37,1.4807215
P5_R2c,NTM-2-3,32.775004,-101.947229,87.5,1.41,1.3108917
P6_R2a,CVT-2-1,32.774988,-101.947051,2.5,1.43,1.4009703
P6_R2a,CVT-2-1,32.774988,-101.947051,7.5,1.08,1.4192579
P6_R2a,CVT-2-1,32.774988,-101.947051,22.5,1.45,1.4816768
P6_R2a,CVT-2-1,32.774988,-101.947051,55.0,1.43,1.4786825
P6_R2a,CVT-2-1,32.774988,-101.947051,87.5,1.57,1.3089924
P6_R2b,CVT-2-2,32.774988,-101.947051,2.5,0.93,1.4009703
P6_R2b,CVT-2-2,32.774988,-101.947051,7.5,1.55,1.4192579
P6_R2b,CVT-2-2,32.774988,-101.947051,22.5,1.29,1.4816768
P6_R2b,CVT-2-2,32.774988,-101.947051,55.0,1.37,1.4786825
P6_R2b,CVT-2-2,32.774988,-101.947051,87.5,1.41,1.3089924
P6_R2c,CVT-2-3,32.774988,-101.947051,2.5,1.08,1.4009703
P6_R2c,CVT-2-3,32.774988,-101.947051,7.5,1.18,1.4192579
P6_R2c,CVT-2-3,32.774988,-101.947051,22.5,1.47,1.4816768
P6_R2c,CVT-2-3,32.774988,-101.947051,55.0,1.54,1.4786825
P6_R2c,CVT-2-3,32.774988,-101.947051,87.5,1.53,1.3089924
P7_R3a,NTM-3-1,32.775739,-101.94738006591795,2.5,1.15,1.3868371
P7_R3a,NTM-3-1,32.775739,-101.94738006591795,7.5,1.1,1.405017
P7_R3a,NTM-3-1,32.775739,-101.94738006591795,22.5,1.46,1.4670686
P7_R3a,NTM-3-1,32.775739,-101.94738006591795,55.0,1.44,1.4657575
P7_R3a,NTM-3-1,32.775739,-101.94738006591795,87.5,1.88,1.2953168
P7_R3b,NTM-3-2,32.775739,-101.94738006591795,2.5,1.37,1.3868371
P7_R3b,NTM-3-2,32.775739,-101.94738006591795,7.5,1.38,1.405017
P7_R3b,NTM-3-2,32.775739,-101.94738006591795,22.5,1.44,1.4670686
P7_R3b,NTM-3-2,32.775739,-101.94738006591795,55.0,1.46,1.4657575
P7_R3b,NTM-3-2,32.775739,-101.94738006591795,87.5,1.45,1.2953168
P7_R3c,NTM-3-3,32.775739,-101.94738006591795,2.5,1.53,1.3868371
P7_R3c,NTM-3-3,32.775739,-101.94738006591795,7.5,1.88,1.405017
P7_R3c,NTM-3-3,32.775739,-101.94738006591795,22.5,1.5,1.4670686
P7_R3c,NTM-3-3,32.775739,-101.94738006591795,55.0,1.57,1.4657575
P7_R3c,NTM-3-3,32.775739,-101.94738006591795,87.5,1.47,1.2953168
P8_R3a,CVT-3-1,32.775733947753906,-101.947185,2.5,1.48,1.3868371
P8_R3a,CVT-3-1,32.775733947753906,-101.947185,22.5,1.41,1.4670686
P8_R3a,CVT-3-1,32.775733947753906,-101.947185,55.0,1.45,1.4657575
P8_R3a,CVT-3-1,32.775733947753906,-101.947185,87.5,1.46,1.2953168
P8_R3b,CVT-3-2,32.775733947753906,-101.947185,2.5,1.12,1.3868371
P8_R3b,CVT-3-2,32.775733947753906,-101.947185,7.5,1.07,1.405017
P8_R3b,CVT-3-2,32.775733947753906,-101.947185,22.5,1.54,1.4670686
P8_R3b,CVT-3-2,32.775733947753906,-101.947185,55.0,1.49,1.4657575
P8_R3b,CVT-3-2,32.775733947753906,-101.947185,87.5,1.46,1.2953168
P8_R3c,CVT-3-3,32.775733947753906,-101.947185,2.5,1.52,1.3868371
P8_R3c,CVT-3-3,32.775733947753906,-101.947185,7.5,1.21,1.405017
P8_R3c,CVT-3-3,32.775733947753906,-101.947185,22.5,1.56,1.4670686
P8_R3c,CVT-3-3,32.775733947753906,-101.947185,55.0,1.41,1.4657575
P8_R3c,CVT-3-3,32.775733947753906,-101.947185,87.5,1.41,1.2953168
P9_R3a,NTR-3-1,32.775683,-101.947009,,0.98,1.4660413
P9_R3a,NTR-3-1,32.775683,-101.947009,,1.14,1.4660413
P9_R3a,NTR-3-1,32.775683,-101.947009,,1.53,1.4660413
P9_R3a,NTR-3-1,32.775683,-101.947009,,1.45,1.4660413
P9_R3a,NTR-3-1,32.775683,-101.947009,,1.14,1.4660413
P9_R3b,NTR-3-2,32.775683,-101.947009,,1.39,1.4660413
P9_R3b,NTR-3-2,32.775683,-101.947009,,1.21,1.4660413
P9_R3b,NTR-3-2,32.775683,-101.947009,,1.37,1.4660413
P9_R3b,NTR-3-2,32.775683,-101.947009,,1.46,1.4660413
P9_R3b,NTR-3-2,32.775683,-101.947009,,1.41,1.4660413
P9_R3c,NTR-3-3,32.775683,-101.947009,,1.43,1.4660413
P9_R3c,NTR-3-3,32.775683,-101.947009,,1.58,1.4660413
P9_R3c,NTR-3-3,32.775683,-101.947009,,1.44,1.4660413
P9_R3c,NTR-3-3,32.775683,-101.947009,,1.53,1.4660413
P9_R3c,NTR-3-3,32.775683,-101.947009,,1.46,1.4660413
CK-1A-ASP2,ASP2-1,46.78188975,-117.0822114,2.5,0.76,0.9974295
CK-1A-ASP2,ASP2-1,46.78188975,-117.0822114,7.5,0.98,1.0482547
CK-1A-ASP2,ASP2-1,46.78188975,-117.0822114,19.5,1.35,1.2460015
CK-1A-ASP2,ASP2-1,46.78188975,-117.0822114,47.0,1.18,1.2786834
CK-1A-ASP2,ASP2-1,46.78188975,-117.0822114,76.5,1.09,1.2497956
CK-1B-ASP2,ASP2-2,46.78188975,-117.0822114,2.5,0.51,0.9974295
CK-1B-ASP2,ASP2-2,46.78188975,-117.0822114,7.5,0.65,1.0482547
CK-1B-ASP2,ASP2-2,46.78188975,-117.0822114,21.0,1.09,1.2483548
CK-1B-ASP2,ASP2-2,46.78188975,-117.0822114,54.5,1.04,1.291437
CK-1B-ASP2,ASP2-2,46.78188975,-117.0822114,87.5,1.2,1.2198764
CK-1C-ASP2,ASP2-3,46.78188975,-117.0822114,2.5,0.66,0.9974295
CK-1C-ASP2,ASP2-3,46.78188975,-117.0822114,7.5,0.83,1.0482547
CK-1C-ASP2,ASP2-3,46.78188975,-117.0822114,24.5,1.18,1.2545189
CK-1C-ASP2,ASP2-3,46.78188975,-117.0822114,51.5,1.28,1.2777864
CK-1C-ASP2,ASP2-3,46.78188975,-117.0822114,76.5,1.07,1.2497956
CK-2A-BAU9,BAU9-1,46.78188975,-117.0822114,2.5,0.79,0.9974295
CK-2A-BAU9,BAU9-1,46.78188975,-117.0822114,7.5,0.75,1.0482547
CK-2A-BAU9,BAU9-1,46.78188975,-117.0822114,21.5,1.31,1.2483548
CK-2A-BAU9,BAU9-1,46.78188975,-117.0822114,50.5,1.2,1.2786834
CK-2A-BAU9,BAU9-1,46.78188975,-117.0822114,78.5,1.48,1.2463499
CK-2A-BAU9,BAU9-1,46.78188975,-117.0822114,97.5,1.24,1.2036844
CK-2A-BAU9,BAU9-1,46.78188975,-117.0822114,114.0,1.26,1.256849
CK-2B-BAU9,BAU9-2,46.78188975,-117.0822114,2.5,0.7,0.9974295
CK-2B-BAU9,BAU9-2,46.78188975,-117.0822114,7.5,0.88,1.0482547
CK-2B-BAU9,BAU9-2,46.78188975,-117.0822114,20.5,1.38,1.2483548
CK-2B-BAU9,BAU9-2,46.78188975,-117.0822114,45.5,1.09,1.2786834
CK-2B-BAU9,BAU9-2,46.78188975,-117.0822114,71.5,0.69,1.2696849
CK-2B-BAU9,BAU9-2,46.78188975,-117.0822114,93.0,1.3,1.2036844
CK-2B-BAU9,BAU9-2,46.78188975,-117.0822114,112.5,1.13,1.2531953
CK-2C-BAU9,BAU9-3,46.78188975,-117.0822114,2.5,0.99,0.9974295
CK-2C-BAU9,BAU9-3,46.78188975,-117.0822114,7.5,0.87,1.0482547
CK-2C-BAU9,BAU9-3,46.78188975,-117.0822114,72.5,1.15,1.2543974
JEA-1A-ASP10,ASP10-1,46.78836813,-117.4595977,21.5,1.11,1.2481997
JEA-1A-ASP10,ASP10-1,46.78836813,-117.4595977,46.5,1.03,1.2679448
JEA-1A-ASP10,ASP10-1,46.78836813,-117.4595977,71.0,1.07,1.2556536
JEA-1A-ASP10,ASP10-1,46.78836813,-117.4595977,94.0,0.98,1.2076069
JEA-1A-ASP10,ASP10-1,46.78836813,-117.4595977,114.0,1.41,1.260929
JEA-1B-ASP10,ASP10-2,46.788368,-117.4595978,21.0,1.1,1.2481997
JEA-1B-ASP10,ASP10-2,46.788368,-117.4595978,43.5,1.23,1.2679448
JEA-1B-ASP10,ASP10-2,46.788368,-117.4595978,69.5,1.06,1.2640197
JEA-1B-ASP10,ASP10-2,46.788368,-117.4595978,96.0,0.99,1.2076069
JEA-1B-ASP10,ASP10-2,46.788368,-117.4595978,115.0,0.96,1.260929
JEA-1C-ASP10,ASP10-3,46.78836851,-117.4595972,18.5,1.54,1.2471983
JEA-1C-ASP10,ASP10-3,46.78836851,-117.4595972,39.0,1.0,1.2665195
JEA-1C-ASP10,ASP10-3,46.78836851,-117.4595972,64.5,1.22,1.2687254
JEA-1C-ASP10,ASP10-3,46.78836851,-117.4595972,91.5,1.15,1.2076069
JEA-1C-ASP10,ASP10-3,46.78836851,-117.4595972,113.5,1.07,1.2572687
KUI-1A-ASP6,ASP6-1,46.78188975,-117.0822114,2.5,0.99,0.9974295
KUI-1A-ASP6,ASP6-1,46.78188975,-117.0822114,7.5,1.02,1.0482547
KUI-1A-ASP6,ASP6-1,46.78188975,-117.0822114,19.0,1.13,1.2460015
KUI-1A-ASP6,ASP6-1,46.78188975,-117.0822114,38.0,1.22,1.2585794
KUI-1A-ASP6,ASP6-1,46.78188975,-117.0822114,60.0,1.16,1.2956716
KUI-1A-ASP6,ASP6-1,46.78188975,-117.0822114,82.0,1.23,1.2378515
KUI-1A-ASP6,ASP6-1,46.78188975,-117.0822114,107.0,1.15,1.2036844
KUI-1B-ASP6,ASP6-2,46.78188975,-117.0822114,2.5,0.87,0.9974295
KUI-1B-ASP6,ASP6-2,46.78188975,-117.0822114,7.5,0.7,1.0482547
KUI-1B-ASP6,ASP6-2,46.78188975,-117.0822114,21.5,1.05,1.2483548
KUI-1B-ASP6,ASP6-2,46.78188975,-117.0822114,45.0,0.6,1.2786834
KUI-1B-ASP6,ASP6-2,46.78188975,-117.0822114,72.5,1.18,1.2543974
KUI-1B-ASP6,ASP6-2,46.78188975,-117.0822114,97.0,1.1,1.2036844
KUI-1B-ASP6,ASP6-2,46.78188975,-117.0822114,114.0,1.16,1.256849
KUI-1C-ASP6,ASP6-3,46.78188975,-117.0822114,2.5,1.07,0.9974295
KUI-1C-ASP6,ASP6-3,46.78188975,-117.0822114,7.5,1.05,1.0482547
KUI-1C-ASP6,ASP6-3,46.78188975,-117.0822114,19.0,1.12,1.2460015
KUI-1C-ASP6,ASP6-3,46.78188975,-117.0822114,44.5,0.85,1.2786834
KUI-1C-ASP6,ASP6-3,46.78188975,-117.0822114,74.5,1.13,1.2497956
KUI-1C-ASP6,ASP6-3,46.78188975,-117.0822114,98.5,1.14,1.2036844
KUI-1C-ASP6,ASP6-3,46.78188975,-117.0822114,115.5,1.63,1.256849
KUI-2A-BAU3,BAU3-1,46.78188975,-117.0822114,2.5,0.77,0.9974295
KUI-2A-BAU3,BAU3-1,46.78188975,-117.0822114,7.5,0.71,1.0482547
KUI-2A-BAU3,BAU3-1,46.78188975,-117.0822114,22.0,1.06,1.2483548
KUI-2A-BAU3,BAU3-1,46.78188975,-117.0822114,52.0,1.06,1.2792974
KUI-2A-BAU3,BAU3-1,46.78188975,-117.0822114,85.0,1.09,1.2252529
KUI-2A-BAU3,BAU3-1,46.78188975,-117.0822114,111.0,1.06,1.2523675
KUI-2B-BAU3,BAU3-2,46.74504916,-117.4236809,2.5,0.72,1.0368571
KUI-2B-BAU3,BAU3-2,46.74504916,-117.4236809,7.5,0.67,1.0827879
KUI-2B-BAU3,BAU3-2,46.74504916,-117.4236809,24.0,0.99,1.2384007
KUI-2B-BAU3,BAU3-2,46.74504916,-117.4236809,56.5,1.15,1.2512699
KUI-2B-BAU3,BAU3-2,46.74504916,-117.4236809,89.0,1.14,1.187034
KUI-2B-BAU3,BAU3-2,46.74504916,-117.4236809,112.5,1.12,1.2333053
KUI-2C-BAU3,BAU3-3,46.74504916,-117.4236809,2.5,0.72,1.0368571
KUI-2C-BAU3,BAU3-3,46.74504916,-117.4236809,7.5,0.71,1.0827879
KUI-2C-BAU3,BAU3-3,46.74504916,-117.4236809,21.5,1.0,1.2365096
KUI-2C-BAU3,BAU3-3,46.74504916,-117.4236809,52.5,0.99,1.2501079
KUI-2C-BAU3,BAU3-3,46.74504916,-117.4236809,83.0,0.99,1.1935161
KUI-2C-BAU3,BAU3-3,46.74504916,-117.4236809,108.0,0.6,1.175883
LYM-1A-BAU8,BAU8-1,46.74504916,-117.4236809,19.5,0.8,1.2355134
LYM-1A-BAU8,BAU8-1,46.74504916,-117.4236809,54.0,0.74,1.2501079
LYM-1A-BAU8,BAU8-1,46.74504916,-117.4236809,92.5,0.9,1.175883
LYM-1B-BAU8,BAU8-2,46.74504915,-117.4236809,18.0,0.98,1.2355134
LYM-1B-BAU8,BAU8-2,46.74504915,-117.4236809,66.5,0.9,1.2410568
LYM-1C-BAU8,BAU8-3,46.74504922,-117.4236808,17.0,1.54,1.2355134
LYM-1C-BAU8,BAU8-3,46.74504922,-117.4236808,43.0,0.85,1.2416604
PCFS1-PGL7a,PGL7-7a,46.75739636,-117.1998969,15.0,1.13,1.2180444
PCFS1-PGL7a,PGL7-7a,46.75739636,-117.1998969,30.5,1.15,1.2303638
PCFS1-PGL7a,PGL7-7a,46.75739636,-117.1998969,52.5,1.2,1.2638975
PCFS1-PGL7b,PGL7-7b,46.75739636,-117.1998969,2.5,0.79,1.002749
PCFS1-PGL7b,PGL7-7b,46.75739636,-117.1998969,7.5,0.76,1.0488508
PCFS1-PGL7b,PGL7-7b,46.75739636,-117.1998969,16.0,1.07,1.2226487
PCFS1-PGL7b,PGL7-7b,46.75739636,-117.1998969,33.5,1.03,1.2303638
PCFS1-PGL7b,PGL7-7b,46.75739636,-117.1998969,85.0,1.29,1.2110274
PCFS1-PGL7c,PGL7-7c,46.75739636,-117.1998969,2.5,1.02,1.002749
PCFS1-PGL7c,PGL7-7c,46.75739636,-117.1998969,7.5,0.81,1.0488508
PCFS1-PGL7c,PGL7-7c,46.75739636,-117.1998969,16.5,0.8,1.2226487
PCFS1-PGL7c,PGL7-7c,46.75739636,-117.1998969,32.5,1.03,1.2303638
PCFS3-1A-ASP9,ASP9-1,46.75757137,-117.2000596,2.5,0.91,1.002749
PCFS3-1A-ASP9,ASP9-1,46.75757137,-117.2000596,7.5,0.65,1.0488508
PCFS3-1A-ASP9,ASP9-1,46.75757137,-117.2000596,20.0,1.05,1.2231194
PCFS3-1A-ASP9,ASP9-1,46.75757137,-117.2000596,46.5,1.16,1.2493782
PCFS3-1A-ASP9,ASP9-1,46.75757137,-117.2000596,83.5,1.12,1.2128335
PCFS3-1A-ASP9,ASP9-1,46.75757137,-117.2000596,113.0,1.06,1.2561896
PCFS3-1B-ASP9,ASP9-2,46.75757137,-117.2000596,2.5,1.07,1.002749
PCFS3-1B-ASP9,ASP9-2,46.75757137,-117.2000596,7.5,0.77,1.0488508
PCFS3-1B-ASP9,ASP9-2,46.75757137,-117.2000596,21.5,0.99,1.2231194
PCFS3-1B-ASP9,ASP9-2,46.75757137,-117.2000596,45.0,1.27,1.2493782
PCFS3-1B-ASP9,ASP9-2,46.75757137,-117.2000596,72.0,1.23,1.245315
PCFS3-1B-ASP9,ASP9-2,46.75757137,-117.2000596,98.0,1.14,1.1920432
PCFS3-1B-ASP9,ASP9-2,46.75757137,-117.2000596,115.5,0.97,1.2598482
PCFS3-1C-ASP9,ASP9-3,46.74504918,-117.4236807,2.5,1.07,1.0368571
PCFS3-1C-ASP9,ASP9-3,46.74504918,-117.4236807,7.5,0.58,1.0827879
PCFS3-1C-ASP9,ASP9-3,46.74504918,-117.4236807,19.5,0.89,1.2355134
PCFS3-1C-ASP9,ASP9-3,46.74504918,-117.4236807,40.0,1.06,1.2416604
PCFS3-1C-ASP9,ASP9-3,46.74504918,-117.4236807,66.5,0.88,1.2410568
PCFS3-1C-ASP9,ASP9-3,46.74504918,-117.4236807,94.0,0.84,1.175883
PCFS3-1C-ASP9,ASP9-3,46.74504918,-117.4236807,114.0,0.96,1.2369269
PCFS3-2A-PGL9,PGL9-1,46.75757146,-117.20005798339844,2.5,0.91,1.002749
PCFS3-2A-PGL9,PGL9-1,46.75757146,-117.20005798339844,7.5,0.65,1.0488508
PCFS3-2A-PGL9,PGL9-1,46.75757146,-117.20005798339844,20.0,1.05,1.2231194
PCFS3-2A-PGL9,PGL9-1,46.75757146,-117.20005798339844,46.5,1.16,1.2493782
PCFS3-2A-PGL9,PGL9-1,46.75757146,-117.20005798339844,83.5,1.12,1.2128335
PCFS3-2A-PGL9,PGL9-1,46.75757146,-117.20005798339844,113.0,1.06,1.2561896
PCFS3-2B-PGL9,PGL9-2,46.75739636,-117.1998969,2.5,1.07,1.002749
PCFS3-2B-PGL9,PGL9-2,46.75739636,-117.1998969,7.5,0.77,1.0488508
PCFS3-2B-PGL9,PGL9-2,46.75739636,-117.1998969,21.5,0.99,1.2231194
PCFS3-2B-PGL9,PGL9-2,46.75739636,-117.1998969,45.0,1.27,1.2493782
PCFS3-2B-PGL9,PGL9-2,46.75739636,-117.1998969,72.0,1.23,1.245315
PCFS3-2B-PGL9,PGL9-2,46.75739636,-117.1998969,98.0,1.14,1.1920432
PCFS3-2B-PGL9,PGL9-2,46.75739636,-117.1998969,115.5,0.97,1.2598482
PCFS3-2C-PGL9,PGL9-3,46.75739636,-117.1998969,2.5,1.07,1.002749
PCFS3-2C-PGL9,PGL9-3,46.75739636,-117.1998969,7.5,0.58,1.0488508
PCFS3-2C-PGL9,PGL9-3,46.75739636,-117.1998969,19.5,0.89,1.2226487
PCFS3-2C-PGL9,PGL9-3,46.75739636,-117.1998969,40.0,1.06,1.2493782
PCFS3-2C-PGL9,PGL9-3,46.75739636,-117.1998969,66.5,0.88,1.2560573
PCFS3-2C-PGL9,PGL9-3,46.75739636,-117.1998969,94.0,0.84,1.1920432
PCFS3-2C-PGL9,PGL9-3,46.75739636,-117.1998969,114.0,0.96,1.2598482
S2019MN99-A-CON,CON-1,43.7476806640625,-92.845294,2.5,1.123872025,1.2392477
S2019MN99-A-CON,CON-1,43.7476806640625,-92.845294,7.5,1.350425678,1.2610818
S2019MN99-A-CON,CON-1,43.7476806640625,-92.845294,18.0,1.257556112,1.3124319
S2019MN99-A-CON,CON-1,43.7476806640625,-92.845294,38.0,1.496732814,1.3179812
S2019MN99-A-CON,CON-1,43.7476806640625,-92.845294,80.0,1.573673296,1.1706038
S2019MN99-B-CON,CON-2,43.74790573120117,-92.845601,2.5,1.282822983,1.2403498
S2019MN99-B-CON,CON-2,43.74790573120117,-92.845601,7.5,1.247331105,1.2621946
S2019MN99-B-CON,CON-2,43.74790573120117,-92.845601,21.0,1.350017571,1.3153948
S2019MN99-B-CON,CON-2,43.74790573120117,-92.845601,43.0,1.624100756,1.3198988
S2019MN99-B-CON,CON-2,43.74790573120117,-92.845601,65.5,1.962789264,1.2093892
S2019MN99-B-CON,CON-2,43.74790573120117,-92.845601,107.0,1.883153574,1.1451235
S2019MN99-C-CON,CON-3,43.74759292602539,-92.844985,2.5,1.15544377,1.2392477
S2019MN99-C-CON,CON-3,43.74759292602539,-92.844985,7.5,1.22990093,1.2610818
S2019MN99-C-CON,CON-3,43.74759292602539,-92.844985,17.5,1.307768342,1.3124319
S2019MN99-C-CON,CON-3,43.74759292602539,-92.844985,30.0,1.36677587,1.313651
S2019MN99-C-CON,CON-3,43.74759292602539,-92.844985,47.5,1.523035213,1.32361
S2019MN99-C-CON,CON-3,43.74759292602539,-92.844985,70.0,1.799372603,1.208086
S2019MN99-C-CON,CON-3,43.74759292602539,-92.844985,95.0,1.755779623,1.1545082
S2019MN99-D-CON,CON-4,43.750483,-92.84107208251952,2.5,0.954238925,1.2753907
S2019MN99-D-CON,CON-4,43.750483,-92.84107208251952,7.5,1.180452282,1.2830279
S2019MN99-D-CON,CON-4,43.750483,-92.84107208251952,17.5,1.440389239,1.327074
S2019MN99-D-CON,CON-4,43.750483,-92.84107208251952,36.0,1.480253165,1.3338751
S2019MN99-D-CON,CON-4,43.750483,-92.84107208251952,78.5,1.72697668,1.1581719
S2019MN99-E-CON,CON-5,43.7506217956543,-92.84133911132812,2.5,0.965038055,1.2753907
S2019MN99-E-CON,CON-5,43.7506217956543,-92.84133911132812,7.5,1.062167073,1.2830279
S2019MN99-E-CON,CON-5,43.7506217956543,-92.84133911132812,16.0,1.540044369,1.327074
S2019MN99-E-CON,CON-5,43.7506217956543,-92.84133911132812,37.5,1.370163316,1.3341985
S2019MN99-E-CON,CON-5,43.7506217956543,-92.84133911132812,66.5,1.667739346,1.1999617
S2019MN99-E-CON,CON-5,43.7506217956543,-92.84133911132812,95.0,1.710241186,1.1324615
S2019MN99-F-CON,CON-6,43.75033950805664,-92.84078216552734,2.5,1.175021141,1.2738107
S2019MN99-F-CON,CON-6,43.75033950805664,-92.84078216552734,7.5,1.271518631,1.2814425
S2019MN99-F-CON,CON-6,43.75033950805664,-92.84078216552734,17.5,1.172368723,1.3251226
S2019MN99-F-CON,CON-6,43.75033950805664,-92.84078216552734,33.5,1.609512458,1.3278842
S2019MN99-F-CON,CON-6,43.75033950805664,-92.84078216552734,64.5,1.806991287,1.2162803
S2019MN99-G-CON,CON-7,43.752220153808594,-92.84329223632812,2.5,0.969963974,1.2863483
S2019MN99-G-CON,CON-7,43.752220153808594,-92.84329223632812,7.5,1.352227919,1.2951964
S2019MN99-G-CON,CON-7,43.752220153808594,-92.84329223632812,15.0,1.443736337,1.338947
S2019MN99-G-CON,CON-7,43.752220153808594,-92.84329223632812,27.0,1.388288172,1.3408471
S2019MN99-G-CON,CON-7,43.752220153808594,-92.84329223632812,52.0,1.46021922,1.3524753
S2019MN99-H-CON,CON-8,43.75217819213867,-92.843677,2.5,0.981205174,1.2785394
S2019MN99-H-CON,CON-8,43.75217819213867,-92.843677,7.5,1.391003743,1.2873572
S2019MN99-H-CON,CON-8,43.75217819213867,-92.843677,16.0,1.229079944,1.3314869
S2019MN99-H-CON,CON-8,43.75217819213867,-92.843677,30.5,1.576483539,1.332852
S2019MN99-H-CON,CON-8,43.75217819213867,-92.843677,52.0,1.767836547,1.3444405
S2019MN99-H-CON,CON-8,43.75217819213867,-92.843677,80.5,1.745669911,1.1598982
S2019MN99-H-CON,CON-8,43.75217819213867,-92.843677,119.0,1.775414884,1.1684581
S2019MN99-I-CON,CON-9,43.752284,-92.842882,2.5,1.414054518,1.2806041
S2019MN99-I-CON,CON-9,43.752284,-92.842882,7.5,1.230658764,1.2882588
S2019MN99-I-CON,CON-9,43.752284,-92.842882,15.0,1.408370765,1.3318772
S2019MN99-I-CON,CON-9,43.752284,-92.842882,37.0,1.523308875,1.3395467
S2019MN99-I-CON,CON-9,43.752284,-92.842882,54.0,1.824105698,1.326158
S2019MN99-I-CON,CON-9,43.752284,-92.842882,82.5,1.696979096,1.1623086
S2019MN99-A-ALT,ALT-1,43.74983978271485,-92.8546371459961,2.5,1.316609735,1.2879763
S2019MN99-A-ALT,ALT-1,43.74983978271485,-92.8546371459961,7.5,1.43862096,1.2952636
S2019MN99-A-ALT,ALT-1,43.74983978271485,-92.8546371459961,15.0,1.537770868,1.3396333
S2019MN99-A-ALT,ALT-1,43.74983978271485,-92.8546371459961,27.5,1.469376377,1.3399891
S2019MN99-A-ALT,ALT-1,43.74983978271485,-92.8546371459961,48.0,1.74023877,1.346243
S2019MN99-B-ALT,ALT-2,43.74980926513672,-92.85498809814452,2.5,1.04252655,1.2879763
S2019MN99-B-ALT,ALT-2,43.74980926513672,-92.85498809814452,7.5,1.091217365,1.2959949
S2019MN99-B-ALT,ALT-2,43.74980926513672,-92.85498809814452,16.0,1.477017867,1.3451378
S2019MN99-B-ALT,ALT-2,43.74980926513672,-92.85498809814452,31.0,1.629531898,1.3449626
S2019MN99-B-ALT,ALT-2,43.74980926513672,-92.85498809814452,90.0,1.854924268,1.1800605
S2019MN99-C-ALT,ALT-3,43.74953079223633,-92.85456848144533,2.5,1.169675655,1.2855552
S2019MN99-C-ALT,ALT-3,43.74953079223633,-92.85456848144533,7.5,1.486574266,1.292835
S2019MN99-C-ALT,ALT-3,43.74953079223633,-92.85456848144533,16.0,1.237900223,1.3376876
S2019MN99-C-ALT,ALT-3,43.74953079223633,-92.85456848144533,30.0,1.551432688,1.337513
S2019MN99-C-ALT,ALT-3,43.74953079223633,-92.85456848144533,59.0,1.927359074,1.3107821
S2019MN99-C-ALT,ALT-3,43.74953079223633,-92.85456848144533,110.0,1.937036744,1.18808
S2019MN99-D-ALT,ALT-4,43.74922180175781,-92.85453033447266,2.5,1.390639102,1.2855552
S2019MN99-D-ALT,ALT-4,43.74922180175781,-92.85453033447266,7.5,1.399775784,1.292835
S2019MN99-D-ALT,ALT-4,43.74922180175781,-92.85453033447266,17.5,1.562312553,1.3376876
S2019MN99-D-ALT,ALT-4,43.74922180175781,-92.85453033447266,32.5,1.457180597,1.337513
S2019MN99-D-ALT,ALT-4,43.74922180175781,-92.85453033447266,50.5,1.545241383,1.3437604
S2019MN99-D-ALT,ALT-4,43.74922180175781,-92.85453033447266,80.5,1.938238939,1.1924965
S2019MN99-E-ALT,ALT-5,43.74898910522461,-92.85466766357422,2.5,1.366715421,1.2665167
S2019MN99-E-ALT,ALT-5,43.74898910522461,-92.85466766357422,7.5,1.63787051,1.2737358
S2019MN99-E-ALT,ALT-5,43.74898910522461,-92.85466766357422,18.0,1.45645928,1.3182147
S2019MN99-E-ALT,ALT-5,43.74898910522461,-92.85466766357422,36.0,1.651274985,1.3220582
S2019MN99-E-ALT,ALT-5,43.74898910522461,-92.85466766357422,62.0,1.825352825,1.2749718
S2019MN99-F-ALT,ALT-6,43.748931884765625,-92.85418701171876,2.5,1.136675402,1.3310868
S2019MN99-F-ALT,ALT-6,43.748931884765625,-92.85418701171876,7.5,1.344835471,1.3392565
S2019MN99-F-ALT,ALT-6,43.748931884765625,-92.85418701171876,16.5,1.501481484,1.3928949
S2019MN99-F-ALT,ALT-6,43.748931884765625,-92.85418701171876,33.0,1.449065781,1.3927162
S2019MN99-F-ALT,ALT-6,43.748931884765625,-92.85418701171876,56.5,1.650733997,1.3722763
S2019MN99-G-ALT,ALT-7,43.74876022338867,-92.85347747802734,2.5,1.121708074,1.3310868
S2019MN99-G-ALT,ALT-7,43.74876022338867,-92.85347747802734,7.5,1.290616476,1.3392565
S2019MN99-G-ALT,ALT-7,43.74876022338867,-92.85347747802734,18.5,1.454776207,1.3928949
S2019MN99-G-ALT,ALT-7,43.74876022338867,-92.85347747802734,41.5,1.55323598,1.3950912
S2019MN99-G-ALT,ALT-7,43.74876022338867,-92.85347747802734,88.5,1.81206857,1.2160654
S2019MN99-H-ALT,ALT-8,43.74855041503906,-92.8537368774414,2.5,1.338764387,1.3310868
S2019MN99-H-ALT,ALT-8,43.74855041503906,-92.8537368774414,7.5,1.456158731,1.3392565
S2019MN99-H-ALT,ALT-8,43.74855041503906,-92.8537368774414,16.5,1.600061477,1.3928949
S2019MN99-H-ALT,ALT-8,43.74855041503906,-92.8537368774414,32.0,1.534361518,1.3927162
S2019MN99-H-ALT,ALT-8,43.74855041503906,-92.8537368774414,101.0,1.963845693,1.2136549
S2019MN99-I-ALT,ALT-9,43.749000549316406,-92.85340881347656,2.5,1.303540072,1.3310868
S2019MN99-I-ALT,ALT-9,43.749000549316406,-92.85340881347656,7.5,1.483989546,1.3385115
S2019MN99-I-ALT,ALT-9,43.749000549316406,-92.85340881347656,15.5,1.563935516,1.3872344
S2019MN99-I-ALT,ALT-9,43.749000549316406,-92.85340881347656,33.5,1.585815465,1.3876413
S2019MN99-I-ALT,ALT-9,43.749000549316406,-92.85340881347656,59.0,1.755445184,1.3562542
S2019MN99-I-ALT,ALT-9,43.749000549316406,-92.85340881347656,90.0,1.925976549,1.2161965
S2019MN99-A-REF,REF-1,43.746917,-92.845067,2.5,0.777339307,1.2361099
S2019MN99-A-REF,REF-1,43.746917,-92.845067,7.5,0.982794438,1.2579135
S2019MN99-A-REF,REF-1,43.746917,-92.845067,17.0,0.98225345,1.3091916
S2019MN99-A-REF,REF-1,43.746917,-92.845067,33.0,0.950335172,1.3104088
S2019MN99-A-REF,REF-1,43.746917,-92.845067,56.0,1.016696338,1.2997214
S2019MN99-A-REF,REF-1,43.746917,-92.845067,81.0,1.272162782,1.1647451
S2019MN99-A-REF,REF-1,43.746917,-92.845067,126.5,1.514284861,1.1674576
S2019MN99-B-REF,REF-2,43.74689865112305,-92.84539794921876,2.5,0.608430905,1.2361099
S2019MN99-B-REF,REF-2,43.74689865112305,-92.84539794921876,7.5,0.97744467,1.2579135
S2019MN99-B-REF,REF-2,43.74689865112305,-92.84539794921876,18.0,0.884094226,1.3091916
S2019MN99-B-REF,REF-2,43.74689865112305,-92.84539794921876,44.0,1.145271096,1.3209002
S2019MN99-B-REF,REF-2,43.74689865112305,-92.84539794921876,81.0,1.518011666,1.1647451
S2019MN99-C-REF,REF-3,43.746883392333984,-92.84465026855467,2.5,0.928094564,1.2364489
S2019MN99-C-REF,REF-3,43.746883392333984,-92.84465026855467,7.5,0.758524955,1.2582557
S2019MN99-C-REF,REF-3,43.746883392333984,-92.84465026855467,23.0,0.784792916,1.3102179
S2019MN99-C-REF,REF-3,43.746883392333984,-92.84465026855467,49.0,1.070494565,1.321126
S2019MN99-C-REF,REF-3,43.746883392333984,-92.84465026855467,72.5,1.208206006,1.1818217
S2019MN99-C-REF,REF-3,43.746883392333984,-92.84465026855467,88.0,1.371944969,1.1531323
S2019MN99-C-REF,REF-3,43.746883392333984,-92.84465026855467,121.5,1.479541425,1.1653779
S2019MN99-D-REF,REF-4,43.746883392333984,-92.8439483642578,2.5,0.731535676,1.2364489
S2019MN99-D-REF,REF-4,43.746883392333984,-92.8439483642578,7.5,0.923225674,1.2582557
S2019MN99-D-REF,REF-4,43.746883392333984,-92.8439483642578,19.5,0.822301401,1.3095416
S2019MN99-D-REF,REF-4,43.746883392333984,-92.8439483642578,40.0,0.954061977,1.3162788
S2019MN99-D-REF,REF-4,43.746883392333984,-92.8439483642578,60.5,1.08149465,1.2893915
S2019MN99-D-REF,REF-4,43.746883392333984,-92.8439483642578,100.0,1.16612918,1.1490188
S2019MN99-E-REF,REF-5,43.74689865112305,-92.844333,2.5,0.772951295,1.2364489
S2019MN99-E-REF,REF-5,43.74689865112305,-92.844333,7.5,0.980630487,1.2582557
S2019MN99-E-REF,REF-5,43.74689865112305,-92.844333,26.0,0.883553238,1.3107591
S2019MN99-E-REF,REF-5,43.74689865112305,-92.844333,60.0,1.142385828,1.2893915
S2019MN99-E-REF,REF-5,43.74689865112305,-92.844333,113.0,1.242648894,1.1749156
S2019MN99-F-REF,REF-6,43.746849060058594,-92.84359741210938,2.5,0.790743782,1.2364489
S2019MN99-F-REF,REF-6,43.746849060058594,-92.84359741210938,7.5,0.928154674,1.2582557
S2019MN99-F-REF,REF-6,43.746849060058594,-92.84359741210938,29.5,0.958870757,1.3107591
S2019MN99-F-REF,REF-6,43.746849060058594,-92.84359741210938,60.5,1.06448359,1.2893915
S2019MN99-F-REF,REF-6,43.746849060058594,-92.84359741210938,78.0,1.415584649,1.1758701
S2019MN99-F-REF,REF-6,43.746849060058594,-92.84359741210938,108.5,1.593269075,1.1490188
S2019MN99-G-REF,REF-7,43.746849060058594,-92.84300231933594,2.5,0.574288566,1.2400439
S2019MN99-G-REF,REF-7,43.746849060058594,-92.84300231933594,7.5,0.795071684,1.2618858
S2019MN99-G-REF,REF-7,43.746849060058594,-92.84300231933594,22.5,0.784372148,1.313616
S2019MN99-G-REF,REF-7,43.746849060058594,-92.84300231933594,47.5,1.13475189,1.3244362
S2019MN99-G-REF,REF-7,43.746849060058594,-92.84300231933594,70.0,1.336540326,1.2014067
S2019MN99-G-REF,REF-7,43.746849060058594,-92.84300231933594,106.0,1.840560593,1.1448306
S2019MN99-H-REF,REF-8,43.74689865112305,-92.84324645996094,2.5,0.664513303,1.2414058
S2019MN99-H-REF,REF-8,43.74689865112305,-92.84324645996094,7.5,0.895875737,1.2632611
S2019MN99-H-REF,REF-8,43.74689865112305,-92.84324645996094,21.5,0.981712462,1.3164862
S2019MN99-H-REF,REF-8,43.74689865112305,-92.84324645996094,42.5,1.065625676,1.3209925
S2019MN99-H-REF,REF-8,43.74689865112305,-92.84324645996094,62.0,1.201413604,1.2808473
S2019MN99-H-REF,REF-8,43.74689865112305,-92.84324645996094,93.5,1.421836063,1.1565847
S2019MN99-I-REF,REF-9,43.746867,-92.8426513671875,2.5,0.593523687,1.2400439
S2019MN99-I-REF,REF-9,43.746867,-92.8426513671875,7.5,0.924608198,1.2618858
S2019MN99-I-REF,REF-9,43.746867,-92.8426513671875,17.5,0.909039773,1.3132541
S2019MN99-I-REF,REF-9,43.746867,-92.8426513671875,38.5,0.967466451,1.3188053
S2019MN99-I-REF,REF-9,43.746867,-92.8426513671875,61.5,1.146172743,1.273411
S2019MN99-I-REF,REF-9,43.746867,-92.8426513671875,98.5,1.538509091,1.1448306
S2019OR003001,JoF1-1,44.6361175,-123.2972812,2.5,0.59,0.79416615
S2019OR003001,JoF1-1,44.6361175,-123.2972812,7.5,0.79,0.80670136
S2019OR003001,JoF1-1,44.6361175,-123.2972812,19.5,1.16,1.0030378
S2019OR003001,JoF1-1,44.6361175,-123.2972812,37.0,1.36,1.1032397
S2019OR003001,JoF1-1,44.6361175,-123.2972812,72.5,1.48,1.0856295
S2019OR003001,JoF1-2,44.6362175,-123.2973802,2.5,0.59,0.79416615
S2019OR003001,JoF1-2,44.6362175,-123.2973802,7.5,0.79,0.80670136
S2019OR003001,JoF1-2,44.6362175,-123.2973802,19.5,1.16,1.0030378
S2019OR003001,JoF1-2,44.6362175,-123.2973802,37.0,1.36,1.1032397
S2019OR003001,JoF1-2,44.6362175,-123.2973802,72.5,1.48,1.0856295
S2019OR003001,JoF1-3,44.6358175,-123.2974823,2.5,0.59,0.761612
S2019OR003001,JoF1-3,44.6358175,-123.2974823,7.5,0.79,0.7704197
S2019OR003001,JoF1-3,44.6358175,-123.2974823,19.5,1.16,0.97897327
S2019OR003001,JoF1-3,44.6358175,-123.2974823,37.0,1.36,1.0813726
S2019OR003001,JoF1-3,44.6358175,-123.2974823,72.5,1.48,1.0714732
S2019OR053002,JoF2-1,44.918413,-123.355451,2.5,0.77,0.7934683
S2019OR053002,JoF2-1,44.918413,-123.355451,7.5,1.12,0.80924314
S2019OR053002,JoF2-1,44.918413,-123.355451,20.0,1.26,1.0221136
S2019OR053002,JoF2-1,44.918413,-123.355451,41.0,1.42,1.1039498
S2019OR053002,JoF2-1,44.918413,-123.355451,76.0,1.32,1.0420611
S2019OR053002,JoF2-2,44.918544,-123.355551,2.5,0.77,0.7934683
S2019OR053002,JoF2-2,44.918544,-123.355551,7.5,1.12,0.80924314
S2019OR053002,JoF2-2,44.918544,-123.355551,20.0,1.26,1.0221136
S2019OR053002,JoF2-2,44.918544,-123.355551,41.0,1.42,1.1039498
S2019OR053002,JoF2-2,44.918544,-123.355551,76.0,1.32,1.0420611
S2019OR053002,JoF2-3,44.918514251708984,-123.355451,2.5,0.77,0.7934683
S2019OR053002,JoF2-3,44.918514251708984,-123.355451,7.5,1.12,0.80924314
S2019OR053002,JoF2-3,44.918514251708984,-123.355451,20.0,1.26,1.0221136
S2019OR053002,JoF2-3,44.918514251708984,-123.355451,41.0,1.42,1.1039498
S2019OR053002,JoF2-3,44.918514251708984,-123.355451,76.0,1.32,1.0420611
S2019OR053003,WoNT1-1,44.737333,-123.2709732055664,2.5,1.2,1.0681945
S2019OR053003,WoNT1-1,44.737333,-123.2709732055664,7.5,1.32,1.0774465
S2019OR053003,WoNT1-1,44.737333,-123.2709732055664,21.5,1.36,1.243796
S2019OR053003,WoNT1-1,44.737333,-123.2709732055664,51.5,1.35,1.2698327
S2019OR053003,WoNT1-1,44.737333,-123.2709732055664,80.0,1.5,1.2312905
S2019OR053003,WoNT1-1,44.737333,-123.2709732055664,95.0,1.58,1.1891949
S2019OR053003,WoNT1-2,44.737333,-123.27107238769533,2.5,1.2,1.0681945
S2019OR053003,WoNT1-2,44.737333,-123.27107238769533,7.5,1.32,1.0774465
S2019OR053003,WoNT1-2,44.737333,-123.27107238769533,21.5,1.36,1.243796
S2019OR053003,WoNT1-2,44.737333,-123.27107238769533,51.5,1.35,1.2698327
S2019OR053003,WoNT1-2,44.737333,-123.27107238769533,80.0,1.5,1.2312905
S2019OR053003,WoNT1-2,44.737333,-123.27107238769533,95.0,1.58,1.1891949
S2019OR053003,WoNT1-3,44.73763275146485,-123.27076721191406,2.5,1.2,1.0681945
S2019OR053003,WoNT1-3,44.73763275146485,-123.27076721191406,7.5,1.32,1.0774465
S2019OR053003,WoNT1-3,44.73763275146485,-123.27076721191406,21.5,1.36,1.243796
S2019OR053003,WoNT1-3,44.73763275146485,-123.27076721191406,51.5,1.35,1.2698327
S2019OR053003,WoNT1-3,44.73763275146485,-123.27076721191406,80.0,1.5,1.2312905
S2019OR053003,WoNT1-3,44.73763275146485,-123.27076721191406,95.0,1.58,1.1891949
S2019OR071004,JoV1-1,45.24882125854492,-123.07115936279295,2.5,1.37,0.8909233
S2019OR071004,JoV1-1,45.24882125854492,-123.07115936279295,7.5,1.37,0.916342
S2019OR071004,JoV1-1,45.24882125854492,-123.07115936279295,15.5,1.45,1.090687
S2019OR071004,JoV1-1,45.24882125854492,-123.07115936279295,31.5,1.45,1.149668
S2019OR071004,JoV1-1,45.24882125854492,-123.07115936279295,54.5,1.39,1.1851748
S2019OR071004,JoV1-1,45.24882125854492,-123.07115936279295,83.5,1.41,1.1000209
S2019OR071004,JoV1-2,45.24882125854492,-123.07125854492188,2.5,1.37,0.8909233
S2019OR071004,JoV1-2,45.24882125854492,-123.07125854492188,7.5,1.37,0.916342
S2019OR071004,JoV1-2,45.24882125854492,-123.07125854492188,15.5,1.45,1.090687
S2019OR071004,JoV1-2,45.24882125854492,-123.07125854492188,31.5,1.45,1.149668
S2019OR071004,JoV1-2,45.24882125854492,-123.07125854492188,54.5,1.39,1.1851748
S2019OR071004,JoV1-2,45.24882125854492,-123.07125854492188,83.5,1.41,1.1000209
S2019OR071004,JoV1-3,45.24911880493164,-123.07096099853516,2.5,1.37,0.8909233
S2019OR071004,JoV1-3,45.24911880493164,-123.07096099853516,7.5,1.37,0.916342
S2019OR071004,JoV1-3,45.24911880493164,-123.07096099853516,15.5,1.45,1.090687
S2019OR071004,JoV1-3,45.24911880493164,-123.07096099853516,31.5,1.45,1.149668
S2019OR071004,JoV1-3,45.24911880493164,-123.07096099853516,54.5,1.39,1.1851748
S2019OR071004,JoV1-3,45.24911880493164,-123.07096099853516,83.5,1.41,1.1000209
S2019OR047005,WoH1-1,45.227901458740234,-122.96961212158205,2.5,1.21,1.0223538
S2019OR047005,WoH1-1,45.227901458740234,-122.96961212158205,7.5,1.34,1.0643333
S2019OR047005,WoH1-1,45.227901458740234,-122.96961212158205,19.5,1.4,1.2417719
S2019OR047005,WoH1-1,45.227901458740234,-122.96961212158205,40.0,1.44,1.2833856
S2019OR047005,WoH1-1,45.227901458740234,-122.96961212158205,63.5,1.37,1.2626328
S2019OR047005,WoH1-1,45.227901458740234,-122.96961212158205,88.0,1.37,1.1804178
S2019OR047005,WoH1-2,45.22779846191406,-122.96961212158205,2.5,1.21,1.0903285
S2019OR047005,WoH1-2,45.22779846191406,-122.96961212158205,7.5,1.34,1.1361011
S2019OR047005,WoH1-2,45.22779846191406,-122.96961212158205,19.5,1.4,1.3123809
S2019OR047005,WoH1-2,45.22779846191406,-122.96961212158205,40.0,1.44,1.34136
S2019OR047005,WoH1-2,45.22779846191406,-122.96961212158205,63.5,1.37,1.3272836
S2019OR047005,WoH1-2,45.22779846191406,-122.96961212158205,88.0,1.37,1.2488531
S2019OR047005,WoH1-3,45.227901458740234,-122.96981048583984,2.5,1.21,1.0903285
S2019OR047005,WoH1-3,45.227901458740234,-122.96981048583984,7.5,1.34,1.1361011
S2019OR047005,WoH1-3,45.227901458740234,-122.96981048583984,19.5,1.4,1.3123809
S2019OR047005,WoH1-3,45.227901458740234,-122.96981048583984,40.0,1.44,1.34136
S2019OR047005,WoH1-3,45.227901458740234,-122.96981048583984,63.5,1.37,1.3272836
S2019OR047005,WoH1-3,45.227901458740234,-122.96981048583984,88.0,1.37,1.2488531
S2019OR047006,WoCT1-1,45.231101989746094,-122.964818,2.5,1.28,0.9999759
S2019OR047006,WoCT1-1,45.231101989746094,-122.964818,7.5,1.27,1.0480248
S2019OR047006,WoCT1-1,45.231101989746094,-122.964818,13.0,1.27,1.2148275
S2019OR047006,WoCT1-1,45.231101989746094,-122.964818,24.5,1.28,1.2452993
S2019OR047006,WoCT1-1,45.231101989746094,-122.964818,49.0,1.29,1.2755826
S2019OR047006,WoCT1-1,45.231101989746094,-122.964818,77.5,1.3,1.2236952
S2019OR047006,WoCT1-1,45.231101989746094,-122.964818,95.0,1.34,1.1684359
S2019OR047006,WoCT1-2,45.231202,-122.964718,2.5,1.28,1.0966963
S2019OR047006,WoCT1-2,45.231202,-122.964718,7.5,1.27,1.1317521
S2019OR047006,WoCT1-2,45.231202,-122.964718,13.0,1.27,1.2934113
S2019OR047006,WoCT1-2,45.231202,-122.964718,24.5,1.28,1.3125484
S2019OR047006,WoCT1-2,45.231202,-122.964718,49.0,1.29,1.3340398
S2019OR047006,WoCT1-2,45.231202,-122.964718,77.5,1.3,1.2873199
S2019OR047006,WoCT1-2,45.231202,-122.964718,95.0,1.34,1.2304795
S2019OR047006,WoCT1-3,45.231402,-122.964618,2.5,1.28,1.0966963
S2019OR047006,WoCT1-3,45.231402,-122.964618,7.5,1.27,1.1317521
S2019OR047006,WoCT1-3,45.231402,-122.964618,13.0,1.27,1.2934113
S2019OR047006,WoCT1-3,45.231402,-122.964618,24.5,1.28,1.3125484
S2019OR047006,WoCT1-3,45.231402,-122.964618,49.0,1.29,1.3340398
S2019OR047006,WoCT1-3,45.231402,-122.964618,77.5,1.3,1.2873199
S2019OR047006,WoCT1-3,45.231402,-122.964618,95.0,1.34,1.2304795
S2019OR053007,WoNT2-1,45.07067108154297,-123.2136688232422,2.5,1.19,1.0055025
S2019OR053007,WoNT2-1,45.07067108154297,-123.2136688232422,7.5,1.43,1.0448679
S2019OR053007,WoNT2-1,45.07067108154297,-123.2136688232422,21.5,1.5,1.2502601
S2019OR053007,WoNT2-1,45.07067108154297,-123.2136688232422,47.0,1.41,1.2847353
S2019OR053007,WoNT2-1,45.07067108154297,-123.2136688232422,70.0,1.35,1.239765
S2019OR053007,WoNT2-1,45.07067108154297,-123.2136688232422,89.5,1.28,1.1695653
S2019OR053007,WoNT2-2,45.07057189941406,-123.2137680053711,2.5,1.19,1.0109048
S2019OR053007,WoNT2-2,45.07057189941406,-123.2137680053711,7.5,1.43,1.050376
S2019OR053007,WoNT2-2,45.07057189941406,-123.2137680053711,21.5,1.5,1.2563217
S2019OR053007,WoNT2-2,45.07057189941406,-123.2137680053711,47.0,1.41,1.2908897
S2019OR053007,WoNT2-2,45.07057189941406,-123.2137680053711,70.0,1.35,1.2514893
S2019OR053007,WoNT2-2,45.07057189941406,-123.2137680053711,89.5,1.28,1.1873304
S2019OR053007,WoNT2-3,45.07096862792969,-123.2138671875,2.5,1.19,1.0051227
S2019OR053007,WoNT2-3,45.07096862792969,-123.2138671875,7.5,1.43,1.0444806
S2019OR053007,WoNT2-3,45.07096862792969,-123.2138671875,21.5,1.5,1.249834
S2019OR053007,WoNT2-3,45.07096862792969,-123.2138671875,47.0,1.41,1.2843026
S2019OR053007,WoNT2-3,45.07096862792969,-123.2138671875,70.0,1.35,1.2393408
S2019OR053007,WoNT2-3,45.07096862792969,-123.2138671875,89.5,1.28,1.1691544
S2019OR053008,WoH2-1,45.074334,-123.213416,2.5,1.54,1.0459229
S2019OR053008,WoH2-1,45.074334,-123.213416,7.5,1.58,1.072791
S2019OR053008,WoH2-1,45.074334,-123.213416,28.0,1.37,1.3138337
S2019OR053008,WoH2-1,45.074334,-123.213416,62.0,1.38,1.3103943
S2019OR053008,WoH2-1,45.074334,-123.213416,89.0,1.26,1.2249539
S2019OR053008,WoH2-2,45.074334,-123.213516,2.5,1.54,1.0459229
S2019OR053008,WoH2-2,45.074334,-123.213516,7.5,1.58,1.072791
S2019OR053008,WoH2-2,45.074334,-123.213516,28.0,1.37,1.3138337
S2019OR053008,WoH2-2,45.074334,-123.213516,62.0,1.38,1.3103943
S2019OR053008,WoH2-2,45.074334,-123.213516,89.0,1.26,1.2249539
S2019OR053008,WoH2-3,45.074334,-123.213616,2.5,1.54,1.0459229
S2019OR053008,WoH2-3,45.074334,-123.213616,7.5,1.58,1.072791
S2019OR053008,WoH2-3,45.074334,-123.213616,28.0,1.37,1.3138337
S2019OR053008,WoH2-3,45.074334,-123.213616,62.0,1.38,1.3103943
S2019OR053008,WoH2-3,45.074334,-123.213616,89.0,1.26,1.2249539
S2019OR003009,JoXT1-1,44.43190002441406,-123.3352279663086,2.5,1.4,0.8838007
S2019OR003009,JoXT1-1,44.43190002441406,-123.3352279663086,7.5,1.23,0.8999447
S2019OR003009,JoXT1-1,44.43190002441406,-123.3352279663086,17.5,1.19,1.0516999
S2019OR003009,JoXT1-1,44.43190002441406,-123.3352279663086,31.5,1.19,1.1595237
S2019OR003009,JoXT1-1,44.43190002441406,-123.3352279663086,53.5,1.27,1.2041183
S2019OR003009,JoXT1-1,44.43190002441406,-123.3352279663086,84.5,1.54,1.1287347
S2019OR003009,JoXT1-2,44.43180084228515,-123.3353271484375,2.5,1.4,0.8838007
S2019OR003009,JoXT1-2,44.43180084228515,-123.3353271484375,7.5,1.23,0.8999447
S2019OR003009,JoXT1-2,44.43180084228515,-123.3353271484375,17.5,1.19,1.0516999
S2019OR003009,JoXT1-2,44.43180084228515,-123.3353271484375,31.5,1.19,1.1595237
S2019OR003009,JoXT1-2,44.43180084228515,-123.3353271484375,53.5,1.27,1.2041183
S2019OR003009,JoXT1-2,44.43180084228515,-123.3353271484375,84.5,1.54,1.1287347
S2019OR003009,JoXT1-3,44.43159866333008,-123.33502960205078,2.5,1.4,0.91489315
S2019OR003009,JoXT1-3,44.43159866333008,-123.33502960205078,7.5,1.23,0.9313037
S2019OR003009,JoXT1-3,44.43159866333008,-123.33502960205078,17.5,1.19,1.0674156
S2019OR003009,JoXT1-3,44.43159866333008,-123.33502960205078,31.5,1.19,1.1644249
S2019OR003009,JoXT1-3,44.43159866333008,-123.33502960205078,53.5,1.27,1.2091206
S2019OR003009,JoXT1-3,44.43159866333008,-123.33502960205078,84.5,1.54,1.1368045
S2019OR053010,JoF3-1,44.74261093139648,-123.41895294189452,2.5,0.66,0.7905051
S2019OR053010,JoF3-1,44.74261093139648,-123.41895294189452,7.5,0.72,0.7991978
S2019OR053010,JoF3-1,44.74261093139648,-123.41895294189452,26.5,1.33,1.0366396
S2019OR053010,JoF3-1,44.74261093139648,-123.41895294189452,54.0,1.28,1.0753021
S2019OR053010,JoF3-1,44.74261093139648,-123.41895294189452,82.5,1.44,1.0219152
S2019OR053010,JoF3-2,44.74261093139648,-123.41905212402344,2.5,0.66,0.7905051
S2019OR053010,JoF3-2,44.74261093139648,-123.41905212402344,7.5,0.72,0.7991978
S2019OR053010,JoF3-2,44.74261093139648,-123.41905212402344,26.5,1.33,1.0366396
S2019OR053010,JoF3-2,44.74261093139648,-123.41905212402344,54.0,1.28,1.0753021
S2019OR053010,JoF3-2,44.74261093139648,-123.41905212402344,82.5,1.44,1.0219152
S2019OR053010,JoF3-3,44.74261093139648,-123.4187469482422,2.5,0.66,0.76017576
S2019OR053010,JoF3-3,44.74261093139648,-123.4187469482422,7.5,0.72,0.76617414
S2019OR053010,JoF3-3,44.74261093139648,-123.4187469482422,26.5,1.33,1.0257412
S2019OR053010,JoF3-3,44.74261093139648,-123.4187469482422,54.0,1.28,1.0778861
S2019OR053010,JoF3-3,44.74261093139648,-123.4187469482422,82.5,1.44,1.0229536
S2019OR071011,JoV2-1,45.251054,-123.049801,2.5,0.68,0.9347839
S2019OR071011,JoV2-1,45.251054,-123.049801,7.5,1.34,0.94818515
S2019OR071011,JoV2-1,45.251054,-123.049801,17.5,1.37,1.1164879
S2019OR071011,JoV2-1,45.251054,-123.049801,37.0,1.6,1.1666989
S2019OR071011,JoV2-1,45.251054,-123.049801,66.5,1.61,1.1708927
S2019OR071011,JoV2-1,45.251054,-123.049801,92.0,1.32,1.0989171
S2019OR071011,JoV2-2,45.250953674316406,-123.049901,2.5,0.68,0.97068113
S2019OR071011,JoV2-2,45.250953674316406,-123.049901,7.5,1.34,1.000126
S2019OR071011,JoV2-2,45.250953674316406,-123.049901,17.5,1.37,1.1592327
S2019OR071011,JoV2-2,45.250953674316406,-123.049901,37.0,1.6,1.2041571
S2019OR071011,JoV2-2,45.250953674316406,-123.049901,66.5,1.61,1.2140368
S2019OR071011,JoV2-2,45.250953674316406,-123.049901,92.0,1.32,1.1461878
S2019OR071011,JoV2-3,45.2513542175293,-123.049601,2.5,0.68,0.92536545
S2019OR071011,JoV2-3,45.2513542175293,-123.049601,7.5,1.34,0.9522548
S2019OR071011,JoV2-3,45.2513542175293,-123.049601,17.5,1.37,1.1256766
S2019OR053012,JoXT2-1,45.04996871948242,-123.13707733154295,2.5,1.29,0.9575373
S2019OR053012,JoXT2-1,45.04996871948242,-123.13707733154295,7.5,1.25,0.98778546
S2019OR053012,JoXT2-1,45.04996871948242,-123.13707733154295,17.0,1.31,1.1646
S2019OR053012,JoXT2-1,45.04996871948242,-123.13707733154295,40.5,1.33,1.216028
S2019OR053012,JoXT2-1,45.04996871948242,-123.13707733154295,66.0,1.4,1.2092936
S2019OR053012,JoXT2-1,45.04996871948242,-123.13707733154295,87.5,1.4,1.171383
S2019OR053012,JoXT2-2,45.04986953735352,-123.13717651367188,2.5,1.29,0.8954838
S2019OR053012,JoXT2-2,45.04986953735352,-123.13717651367188,7.5,1.25,0.92022026
S2019OR053012,JoXT2-2,45.04986953735352,-123.13717651367188,17.0,1.31,1.0367947
S2019OR053012,JoXT2-2,45.04986953735352,-123.13717651367188,40.5,1.33,1.1469889
S2019OR053012,JoXT2-2,45.04986953735352,-123.13717651367188,66.0,1.4,1.1419944
S2019OR053012,JoXT2-2,45.04986953735352,-123.13717651367188,87.5,1.4,1.1077224
S2019OR053012,JoXT2-3,45.04996871948242,-123.13687896728516,2.5,1.29,0.9751127
S2019OR053012,JoXT2-3,45.04996871948242,-123.13687896728516,7.5,1.25,1.0056324
S2019OR053012,JoXT2-3,45.04996871948242,-123.13687896728516,17.0,1.31,1.1815068
S2019OR053012,JoXT2-3,45.04996871948242,-123.13687896728516,40.5,1.33,1.2213897
S2019OR053012,JoXT2-3,45.04996871948242,-123.13687896728516,66.0,1.4,1.214639
S2019OR053012,JoXT2-3,45.04996871948242,-123.13687896728516,87.5,1.4,1.170442
S2019OR047013,JoXT3-1,44.910377,-122.90908813476562,2.5,1.2,0.93019944
S2019OR047013,JoXT3-1,44.910377,-122.90908813476562,7.5,1.43,0.9910261
S2019OR047013,JoXT3-1,44.910377,-122.90908813476562,19.0,1.42,1.2004598
S2019OR047013,JoXT3-1,44.910377,-122.90908813476562,44.0,1.26,1.2412531
S2019OR047013,JoXT3-1,44.910377,-122.90908813476562,80.0,1.21,1.1827359
S2019OR047013,JoXT3-2,44.910277,-122.90898895263672,2.5,1.2,0.93019944
S2019OR047013,JoXT3-2,44.910277,-122.90898895263672,7.5,1.43,0.9910261
S2019OR047013,JoXT3-2,44.910277,-122.90898895263672,19.0,1.42,1.2004598
S2019OR047013,JoXT3-2,44.910277,-122.90898895263672,44.0,1.26,1.2412531
S2019OR047013,JoXT3-2,44.910277,-122.90898895263672,80.0,1.21,1.1827359
S2019OR047013,JoXT3-3,44.910077,-122.9088897705078,2.5,1.2,0.93019944
S2019OR047013,JoXT3-3,44.910077,-122.9088897705078,7.5,1.43,0.9910261
S2019OR047013,JoXT3-3,44.910077,-122.9088897705078,19.0,1.42,1.2004598
S2019OR047013,JoXT3-3,44.910077,-122.9088897705078,44.0,1.26,1.2412531
S2019OR047013,JoXT3-3,44.910077,-122.9088897705078,80.0,1.21,1.1827359
S2019OR053014,JoV3-1,45.037101,-123.130763,2.5,1.11,0.97148204
S2019OR053014,JoV3-1,45.037101,-123.130763,7.5,1.28,0.99693084
S2019OR053014,JoV3-1,45.037101,-123.130763,33.0,1.34,1.1846749
S2019OR053014,JoV3-1,45.037101,-123.130763,65.0,1.25,1.2096401
S2019OR053014,JoV3-1,45.037101,-123.130763,87.0,1.4,1.1698576
S2019OR053014,JoV3-2,45.037201,-123.130863,2.5,1.11,0.97148204
S2019OR053014,JoV3-2,45.037201,-123.130863,7.5,1.28,0.99693084
S2019OR053014,JoV3-2,45.037201,-123.130863,33.0,1.34,1.1846749
S2019OR053014,JoV3-2,45.037201,-123.130863,65.0,1.25,1.2096401
S2019OR053014,JoV3-2,45.037201,-123.130863,87.0,1.4,1.1698576
S2019OR053014,JoV3-3,45.037101,-123.130563,2.5,1.11,0.97148204
S2019OR053014,JoV3-3,45.037101,-123.130563,7.5,1.28,0.99693084
S2019OR053014,JoV3-3,45.037101,-123.130563,33.0,1.34,1.1846749
S2019OR053014,JoV3-3,45.037101,-123.130563,65.0,1.25,1.2096401
S2019OR053014,JoV3-3,45.037101,-123.130563,87.0,1.4,1.1698576
S2019OR047015,WoH3-1,44.948448181152344,-122.86279296875,2.5,1.22,0.86733186
S2019OR047015,WoH3-1,44.948448181152344,-122.86279296875,7.5,1.56,0.8996879
S2019OR047015,WoH3-1,44.948448181152344,-122.86279296875,27.5,1.53,1.1832248
S2019OR047015,WoH3-1,44.948448181152344,-122.86279296875,70.0,1.4,1.1543746
S2019OR047015,WoH3-1,44.948448181152344,-122.86279296875,97.5,1.39,1.1041269
S2019OR047015,WoH3-2,44.94855117797851,-122.8628921508789,2.5,1.22,0.90130925
S2019OR047015,WoH3-2,44.94855117797851,-122.8628921508789,7.5,1.56,0.9366024
S2019OR047015,WoH3-2,44.94855117797851,-122.8628921508789,27.5,1.53,1.1754124
S2019OR047015,WoH3-2,44.94855117797851,-122.8628921508789,70.0,1.4,1.1561849
S2019OR047015,WoH3-2,44.94855117797851,-122.8628921508789,97.5,1.39,1.1051148
S2019OR047015,WoH3-3,44.948150634765625,-122.86258697509766,2.5,1.22,0.8832312
S2019OR047015,WoH3-3,44.948150634765625,-122.86258697509766,7.5,1.56,0.9162912
S2019OR047015,WoH3-3,44.948150634765625,-122.86258697509766,27.5,1.53,1.1596342
S2019OR047015,WoH3-3,44.948150634765625,-122.86258697509766,70.0,1.4,1.1347064
S2019OR047015,WoH3-3,44.948150634765625,-122.86258697509766,97.5,1.39,1.0870973
S2019OR047016,WoCT2-1,45.014134,-122.842842,2.5,1.22,1.0584499
S2019OR047016,WoCT2-1,45.014134,-122.842842,7.5,1.47,1.0957825
S2019OR047016,WoCT2-1,45.014134,-122.842842,17.5,1.53,1.2735288
S2019OR047016,WoCT2-1,45.014134,-122.842842,41.5,1.45,1.2986543
S2019OR047016,WoCT2-1,45.014134,-122.842842,79.0,1.5,1.2571325
S2019OR047016,WoCT2-2,45.014034271240234,-122.842742,2.5,1.22,1.0584499
S2019OR047016,WoCT2-2,45.014034271240234,-122.842742,7.5,1.47,1.0957825
S2019OR047016,WoCT2-2,45.014034271240234,-122.842742,17.5,1.53,1.2735288
S2019OR047016,WoCT2-2,45.014034271240234,-122.842742,41.5,1.45,1.2986543
S2019OR047016,WoCT2-2,45.014034271240234,-122.842742,79.0,1.5,1.2571325
S2019OR047016,WoCT2-3,45.013834,-122.843042,2.5,1.22,1.0215514
S2019OR047016,WoCT2-3,45.013834,-122.843042,7.5,1.47,1.0643694
S2019OR047016,WoCT2-3,45.013834,-122.843042,17.5,1.53,1.2440578
S2019OR047016,WoCT2-3,45.013834,-122.843042,41.5,1.45,1.2812848
S2019OR047016,WoCT2-3,45.013834,-122.843042,79.0,1.5,1.2376473
S2019OR071017,WoCT3-1,45.125099182128906,-123.0616683959961,2.5,1.35,1.115476
S2019OR071017,WoCT3-1,45.125099182128906,-123.0616683959961,7.5,1.5,1.1302718
S2019OR071017,WoCT3-1,45.125099182128906,-123.0616683959961,16.0,1.44,1.3256514
S2019OR071017,WoCT3-1,45.125099182128906,-123.0616683959961,39.5,1.54,1.3498751
S2019OR071017,WoCT3-1,45.125099182128906,-123.0616683959961,78.5,1.31,1.3218563
S2019OR071017,WoCT3-2,45.125099182128906,-123.06201171875,2.5,1.35,1.115476
S2019OR071017,WoCT3-2,45.125099182128906,-123.06201171875,7.5,1.5,1.1302718
S2019OR071017,WoCT3-2,45.125099182128906,-123.06201171875,16.0,1.44,1.3256514
S2019OR071017,WoCT3-2,45.125099182128906,-123.06201171875,39.5,1.54,1.3498751
S2019OR071017,WoCT3-2,45.125099182128906,-123.06201171875,78.5,1.31,1.3218563
S2019OR071017,WoCT3-3,45.12480163574219,-123.06134033203124,2.5,1.35,1.115476
S2019OR071017,WoCT3-3,45.12480163574219,-123.06134033203124,7.5,1.5,1.1302718
S2019OR071017,WoCT3-3,45.12480163574219,-123.06134033203124,16.0,1.44,1.3256514
S2019OR071017,WoCT3-3,45.12480163574219,-123.06134033203124,39.5,1.54,1.3498751
S2019OR071017,WoCT3-3,45.12480163574219,-123.06134033203124,78.5,1.31,1.3218563
S2019OR047018,WoNT3-1,44.950981,-122.8565444946289,2.5,1.17,0.94323194
S2019OR047018,WoNT3-1,44.950981,-122.8565444946289,7.5,1.34,0.9992288
S2019OR047018,WoNT3-1,44.950981,-122.8565444946289,15.5,1.36,1.2018977
S2019OR047018,WoNT3-1,44.950981,-122.8565444946289,45.5,1.46,1.2333676
S2019OR047018,WoNT3-1,44.950981,-122.8565444946289,85.0,1.41,1.1616292
S2019OR047018,WoNT3-2,44.950981,-122.856644,2.5,1.17,0.94323194
S2019OR047018,WoNT3-2,44.950981,-122.856644,7.5,1.34,0.9992288
S2019OR047018,WoNT3-2,44.950981,-122.856644,15.5,1.36,1.2018977
S2019OR047018,WoNT3-2,44.950981,-122.856644,45.5,1.46,1.2333676
S2019OR047018,WoNT3-2,44.950981,-122.856644,85.0,1.41,1.1616292
S2019OR047018,WoNT3-3,44.950981,-122.856744,2.5,1.17,0.94323194
S2019OR047018,WoNT3-3,44.950981,-122.856744,7.5,1.34,0.9992288
S2019OR047018,WoNT3-3,44.950981,-122.856744,15.5,1.36,1.2018977
S2019OR047018,WoNT3-3,44.950981,-122.856744,45.5,1.46,1.2333676
S2019OR047018,WoNT3-3,44.950981,-122.856744,85.0,1.41,1.1616292
IL-115-SW-WDFLD-001,IL-115-SW-WDFLD-001,39.86606216430664,-88.798131,2.5,1.019267248,1.3808796
IL-115-SW-WDFLD-001,IL-115-SW-WDFLD-001,39.86606216430664,-88.798131,7.5,1.656952954,1.3802198
IL-115-SW-WDFLD-001,IL-115-SW-WDFLD-001,39.86606216430664,-88.798131,15.0,1.524652906,1.4308194
IL-115-SW-WDFLD-001,IL-115-SW-WDFLD-001,39.86606216430664,-88.798131,25.0,1.62548793,1.432181
IL-115-SW-WDFLD-001,IL-115-SW-WDFLD-001,39.86606216430664,-88.798131,40.0,1.584755248,1.4331645
IL-115-SW-WDFLD-001,IL-115-SW-WDFLD-001,39.86606216430664,-88.798131,75.0,1.602585594,1.2641152
IL-115-SW-WDFLD-002,IL-115-SW-WDFLD-002,39.86539459228515,-88.799917,2.5,0.926176463,1.3967432
IL-115-SW-WDFLD-002,IL-115-SW-WDFLD-002,39.86539459228515,-88.799917,7.5,1.515364479,1.3984746
IL-115-SW-WDFLD-002,IL-115-SW-WDFLD-002,39.86539459228515,-88.799917,15.0,1.681043535,1.4533974
IL-115-SW-WDFLD-002,IL-115-SW-WDFLD-002,39.86539459228515,-88.799917,25.0,1.511683267,1.4547716
IL-115-SW-WDFLD-002,IL-115-SW-WDFLD-002,39.86539459228515,-88.799917,40.0,1.569032727,1.4562088
IL-115-SW-WDFLD-002,IL-115-SW-WDFLD-002,39.86539459228515,-88.799917,75.0,1.620441523,1.279139
IL-115-SW-WDFLD-003,IL-115-SW-WDFLD-003,39.868482,-88.798039,2.5,0.934091939,1.3977648
IL-115-SW-WDFLD-003,IL-115-SW-WDFLD-003,39.868482,-88.798039,7.5,1.455328051,1.3955743
IL-115-SW-WDFLD-003,IL-115-SW-WDFLD-003,39.868482,-88.798039,15.0,1.503943493,1.4328738
IL-115-SW-WDFLD-003,IL-115-SW-WDFLD-003,39.868482,-88.798039,25.0,1.600976084,1.4342365
IL-115-SW-WDFLD-003,IL-115-SW-WDFLD-003,39.868482,-88.798039,40.0,1.581240828,1.4352207
IL-115-SW-WDFLD-003,IL-115-SW-WDFLD-003,39.868482,-88.798039,75.0,1.588602416,1.2697351
IL-115-SW-ETAL-001,IL-115-SW-ETAL-001,39.895068,-88.745608,2.5,1.059745323,1.3895446
IL-115-SW-ETAL-001,IL-115-SW-ETAL-001,39.895068,-88.745608,7.5,1.577562333,1.3854084
IL-115-SW-ETAL-001,IL-115-SW-ETAL-001,39.895068,-88.745608,15.0,1.517352536,1.4385974
IL-115-SW-ETAL-001,IL-115-SW-ETAL-001,39.895068,-88.745608,25.0,1.578291924,1.4398423
IL-115-SW-ETAL-001,IL-115-SW-ETAL-001,39.895068,-88.745608,40.0,1.478370287,1.4412708
IL-115-SW-ETAL-001,IL-115-SW-ETAL-001,39.895068,-88.745608,75.0,1.542211322,1.293722
IL-115-SW-ETAL-002,IL-115-SW-ETAL-002,39.895384,-88.746645,2.5,1.008040096,1.3904407
IL-115-SW-ETAL-002,IL-115-SW-ETAL-002,39.895384,-88.746645,7.5,1.522847525,1.3876873
IL-115-SW-ETAL-002,IL-115-SW-ETAL-002,39.895384,-88.746645,15.0,1.536589828,1.4453363
IL-115-SW-ETAL-002,IL-115-SW-ETAL-002,39.895384,-88.746645,25.0,1.601544033,1.4465847
IL-115-SW-ETAL-002,IL-115-SW-ETAL-002,39.895384,-88.746645,40.0,1.490996178,1.4480172
IL-115-SW-ETAL-002,IL-115-SW-ETAL-002,39.895384,-88.746645,75.0,1.547465262,1.2951821
IL-115-SW-ETAL-003,IL-115-SW-ETAL-003,39.901458740234375,-88.746587,2.5,1.061123714,1.407894
IL-115-SW-ETAL-003,IL-115-SW-ETAL-003,39.901458740234375,-88.746587,7.5,1.422961803,1.4044192
IL-115-SW-ETAL-003,IL-115-SW-ETAL-003,39.901458740234375,-88.746587,15.0,1.553405381,1.4592677
IL-115-SW-ETAL-003,IL-115-SW-ETAL-003,39.901458740234375,-88.746587,25.0,1.520182194,1.4605234
IL-115-SW-ETAL-003,IL-115-SW-ETAL-003,39.901458740234375,-88.746587,40.0,1.622686839,1.4615182
IL-115-SW-ETAL-003,IL-115-SW-ETAL-003,39.901458740234375,-88.746587,75.0,1.594135287,1.309119
IL-147-SW-TS-001,IL-147-SW-TS-001,39.876683,-88.700021,2.5,1.176885435,1.4011865
IL-147-SW-TS-001,IL-147-SW-TS-001,39.876683,-88.700021,7.5,1.499133067,1.3922446
IL-147-SW-TS-001,IL-147-SW-TS-001,39.876683,-88.700021,15.0,1.625939676,1.4294922
IL-147-SW-TS-001,IL-147-SW-TS-001,39.876683,-88.700021,25.0,1.499337687,1.4313263
IL-147-SW-TS-001,IL-147-SW-TS-001,39.876683,-88.700021,40.0,1.573813969,1.4323094
IL-147-SW-TS-001,IL-147-SW-TS-001,39.876683,-88.700021,75.0,1.672023687,1.2890614
IL-147-SW-TS-002,IL-147-SW-TS-002,39.878541,-88.700776,2.5,1.151373061,1.3963202
IL-147-SW-TS-002,IL-147-SW-TS-002,39.878541,-88.700776,7.5,1.523168736,1.3897
IL-147-SW-TS-002,IL-147-SW-TS-002,39.878541,-88.700776,15.0,1.57216405,1.4320008
IL-147-SW-TS-002,IL-147-SW-TS-002,39.878541,-88.700776,25.0,1.653609766,1.4338367
IL-147-SW-TS-002,IL-147-SW-TS-002,39.878541,-88.700776,40.0,1.644970098,1.4348208
IL-147-SW-TS-002,IL-147-SW-TS-002,39.878541,-88.700776,75.0,1.634516266,1.284637
IL-147-SW-TS-003,IL-147-SW-TS-003,39.878261,-88.705988,2.5,0.952734709,1.4070886
IL-147-SW-TS-003,IL-147-SW-TS-003,39.878261,-88.705988,7.5,1.528427853,1.4020847
IL-147-SW-TS-003,IL-147-SW-TS-003,39.878261,-88.705988,15.0,1.530007981,1.4406253
IL-147-SW-TS-003,IL-147-SW-TS-003,39.878261,-88.705988,25.0,1.803756022,1.4424678
IL-147-SW-TS-003,IL-147-SW-TS-003,39.878261,-88.705988,40.0,1.584431446,1.4434555
IL-147-SW-TS-003,IL-147-SW-TS-003,39.878261,-88.705988,75.0,1.613483464,1.275479
IL-147-SW-CRP-001,IL-147-SW-CRP-001,39.895694,-88.743611,2.5,1.447685892,1.4153752
IL-147-SW-CRP-001,IL-147-SW-CRP-001,39.895694,-88.743611,7.5,1.888319016,1.410689
IL-147-SW-CRP-001,IL-147-SW-CRP-001,39.895694,-88.743611,15.0,1.777285093,1.4474537
IL-147-SW-CRP-001,IL-147-SW-CRP-001,39.895694,-88.743611,25.0,1.411527091,1.4487033
IL-147-SW-CRP-001,IL-147-SW-CRP-001,39.895694,-88.743611,40.0,1.580779661,1.4496933
IL-147-SW-CRP-001,IL-147-SW-CRP-001,39.895694,-88.743611,75.0,1.615054336,1.3007994
IL-147-SW-CRP-002,IL-147-SW-CRP-002,39.896889,-88.743611,2.5,1.052235458,1.4153607
IL-147-SW-CRP-002,IL-147-SW-CRP-002,39.896889,-88.743611,7.5,1.538188252,1.406713
IL-147-SW-CRP-002,IL-147-SW-CRP-002,39.896889,-88.743611,15.0,1.489643023,1.4439331
IL-147-SW-CRP-002,IL-147-SW-CRP-002,39.896889,-88.743611,25.0,1.609299136,1.4451809
IL-147-SW-CRP-002,IL-147-SW-CRP-002,39.896889,-88.743611,40.0,1.539130753,1.4466125
IL-147-SW-CRP-002,IL-147-SW-CRP-002,39.896889,-88.743611,75.0,1.569279905,1.3107425
IL-147-SW-CRP-003,IL-147-SW-CRP-003,39.898194,-88.743333,2.5,1.255692801,1.4156221
IL-147-SW-CRP-003,IL-147-SW-CRP-003,39.898194,-88.743333,7.5,1.630885247,1.4069735
IL-147-SW-CRP-003,IL-147-SW-CRP-003,39.898194,-88.743333,15.0,1.651329895,1.4441977
IL-147-SW-CRP-003,IL-147-SW-CRP-003,39.898194,-88.743333,25.0,1.619216887,1.4454455
IL-147-SW-CRP-003,IL-147-SW-CRP-003,39.898194,-88.743333,40.0,1.580593012,1.4468774
IL-147-SW-CRP-003,IL-147-SW-CRP-003,39.898194,-88.743333,75.0,1.499399801,1.311962
IL-019-SW-ARBRTM-001,IL-019-SW-ARBRTM-001,40.0916401,-88.216396,2.5,1.133035004,1.2885816
IL-019-SW-ARBRTM-001,IL-019-SW-ARBRTM-001,40.0916401,-88.216396,15.0,1.401303885,1.4309738
IL-019-SW-ARBRTM-001,IL-019-SW-ARBRTM-001,40.0916401,-88.216396,25.0,1.505640297,1.4487952
IL-019-SW-ARBRTM-001,IL-019-SW-ARBRTM-001,40.0916401,-88.216396,40.0,1.47094083,1.4508488
IL-019-SW-ARBRTM-001,IL-019-SW-ARBRTM-001,40.0916401,-88.216396,75.0,1.608168063,1.245288
IL-019-SW-ARBRTM-002,IL-019-SW-ARBRTM-002,40.0918033,-88.2161899,2.5,0.994371983,1.2885816
IL-019-SW-ARBRTM-002,IL-019-SW-ARBRTM-002,40.0918033,-88.2161899,7.5,1.195271529,1.3187467
IL-019-SW-ARBRTM-002,IL-019-SW-ARBRTM-002,40.0918033,-88.2161899,15.0,1.388169626,1.4309738
IL-019-SW-ARBRTM-002,IL-019-SW-ARBRTM-002,40.0918033,-88.2161899,25.0,1.318460552,1.4487952
IL-019-SW-ARBRTM-002,IL-019-SW-ARBRTM-002,40.0918033,-88.2161899,40.0,1.462408937,1.4508488
IL-019-SW-ARBRTM-002,IL-019-SW-ARBRTM-002,40.0918033,-88.2161899,75.0,1.62427423,1.245288
IL-019-SW-ARBRTM-003,IL-019-SW-ARBRTM-003,40.0914285,-88.2159005,2.5,1.035571668,1.2885816
IL-019-SW-ARBRTM-003,IL-019-SW-ARBRTM-003,40.0914285,-88.2159005,7.5,1.304833526,1.3187467
IL-019-SW-ARBRTM-003,IL-019-SW-ARBRTM-003,40.0914285,-88.2159005,15.0,1.470932253,1.4309738
IL-019-SW-ARBRTM-003,IL-019-SW-ARBRTM-003,40.0914285,-88.2159005,25.0,1.376170464,1.4487952
IL-019-SW-ARBRTM-003,IL-019-SW-ARBRTM-003,40.0914285,-88.2159005,40.0,1.559880307,1.4508488
IL-019-SW-ARBRTM-003,IL-019-SW-ARBRTM-003,40.0914285,-88.2159005,75.0,1.756635779,1.245288
TX-AX1-1-CON,AX1-1,26.371829986572266,-97.86128997802734,2.5,1.468682925,1.441424
TX-AX1-1-CON,AX1-1,26.371829986572266,-97.86128997802734,7.5,1.657294368,1.4521348
TX-AX1-1-CON,AX1-1,26.371829986572266,-97.86128997802734,20.0,1.32280528,1.489617
TX-AX1-2-CON,AX1-2,26.376803,-97.861285,2.5,1.576974253,1.4410696
TX-AX1-2-CON,AX1-2,26.376803,-97.861285,7.5,1.945553257,1.450461
TX-AX1-2-CON,AX1-2,26.376803,-97.861285,20.0,1.960898575,1.4892808
TX-AX1-3-CON,AX1-3,26.381147384643555,-97.861396,2.5,1.462175733,1.4032105
TX-AX1-3-CON,AX1-3,26.381147384643555,-97.861396,7.5,1.793459787,1.4149325
TX-AX1-3-CON,AX1-3,26.381147384643555,-97.861396,20.0,1.6303915,1.4378588
TX-AX2-1-CON,AX2-1,26.372257232666016,-97.860439,2.5,1.856880627,1.4408094
TX-AX2-1-CON,AX2-1,26.372257232666016,-97.860439,7.5,0.680341482,1.4559113
TX-AX2-1-CON,AX2-1,26.372257232666016,-97.860439,20.0,1.59571885,1.4924269
TX-AX2-2-CON,AX2-2,26.372359,-97.854799,2.5,1.208201004,1.4732141
TX-AX2-2-CON,AX2-2,26.372359,-97.854799,7.5,1.751308723,1.4823678
TX-AX2-2-CON,AX2-2,26.372359,-97.854799,20.0,1.614366326,1.5214931
TX-AX2-3-CON,AX2-3,26.372348,-97.841816,2.5,1.413614599,1.4528319
TX-AX2-3-CON,AX2-3,26.372348,-97.841816,7.5,1.777628857,1.4619099
TX-AX2-3-CON,AX2-3,26.372348,-97.841816,20.0,1.650981421,1.5004854
TX-AX3-1-CON,AX3-1,26.449237,-97.845711,2.5,1.668560551,1.4306914
TX-AX3-1-CON,AX3-1,26.449237,-97.845711,7.5,1.815506541,1.4392204
TX-AX3-1-CON,AX3-1,26.449237,-97.845711,20.0,1.886891408,1.4832813
TX-AX3-2-CON,AX3-2,26.45138326,-97.84310718,2.5,1.639132504,1.4548409
TX-AX3-2-CON,AX3-2,26.45138326,-97.84310718,7.5,1.442557035,1.4639951
TX-AX3-2-CON,AX3-2,26.45138326,-97.84310718,20.0,1.626700854,1.5042119
TX-AX3-3-CON,AX3-3,26.451224,-97.842418,7.5,1.592513816,1.4615608
TX-AX3-3-CON,AX3-3,26.451224,-97.842418,20.0,1.862513719,1.5017378
TX-AY1-1-INT,AY1-1,26.429164,-97.87774658203124,2.5,1.748783544,1.4442881
TX-AY1-2-INT,AY1-2,26.428431,-97.876675,2.5,1.113603916,1.4529269
TX-AY1-2-INT,AY1-2,26.428431,-97.876675,7.5,1.741305129,1.4631827
TX-AY1-2-INT,AY1-2,26.428431,-97.876675,20.0,1.308236939,1.5018234
TX-AY1-3-INT,AY1-3,26.423498153686523,-97.878012,2.5,1.904179171,1.4499644
TX-AY1-3-INT,AY1-3,26.423498153686523,-97.878012,20.0,1.592416693,1.4979483
TX-AY2-1-INT,AY2-1,26.417867,-97.87735748291016,7.5,1.260064295,1.4719796
TX-AY2-1-INT,AY2-1,26.417867,-97.87735748291016,20.0,1.675553354,1.5079186
TX-AY2-2-INT,AY2-2,26.408338,-97.877546,2.5,1.86727271,1.4575452
TX-AY2-2-INT,AY2-2,26.408338,-97.877546,20.0,1.378650583,1.5054785
TX-AY2-3-INT,AY2-3,26.408107,-97.867819,7.5,1.665452638,1.4586952
TX-AY2-3-INT,AY2-3,26.408107,-97.867819,20.0,1.238891641,1.4974475
TX-AY3-1-INT,AY3-1,26.378011,-97.894115,2.5,1.609704457,1.3992227
TX-AY3-1-INT,AY3-1,26.378011,-97.894115,7.5,1.659916669,1.4076575
TX-AY3-1-INT,AY3-1,26.378011,-97.894115,20.0,1.589891514,1.4521538
TX-AY3-2-INT,AY3-2,26.371559,-97.882158,2.5,1.810844672,1.3031996
TX-AY3-2-INT,AY3-2,26.371559,-97.882158,20.0,1.819100065,1.3701959
TX-AY3-3-INT,AY3-3,26.371856,-97.88148498535156,2.5,1.895243923,1.4007499
TX-AY3-3-INT,AY3-3,26.371856,-97.88148498535156,7.5,1.745772753,1.4096115
TX-AY3-3-INT,AY3-3,26.371856,-97.88148498535156,20.0,1.984402164,1.4531959
TX-AZ1-1-STR,AZ1-1,26.442916,-97.81415557861328,20.0,1.369715335,1.5071999
TX-AZ1-2-STR,AZ1-2,26.440373,-97.81413269042967,20.0,1.901848237,1.5092193
TX-AZ1-3-STR,AZ1-3,26.441953659057617,-97.814157,20.0,1.610869924,1.5059503
TX-AZ2-1-STR,AZ2-1,26.35834312438965,-97.857232,2.5,1.233938405,1.4432247
TX-AZ2-1-STR,AZ2-1,26.35834312438965,-97.857232,7.5,0.991812593,1.4560869
TX-AZ2-1-STR,AZ2-1,26.35834312438965,-97.857232,20.0,1.35708944,1.4941801
TX-AZ2-2-STR,AZ2-2,26.358388,-97.846311,2.5,1.241805309,1.4538127
TX-AZ2-2-STR,AZ2-2,26.358388,-97.846311,7.5,1.186834105,1.4634486
TX-AZ2-2-STR,AZ2-2,26.358388,-97.846311,20.0,1.235395239,1.5018885
TX-AZ2-3-STR,AZ2-3,26.365039825439453,-97.85823822021484,2.5,1.344269301,1.441686
TX-AZ2-3-STR,AZ2-3,26.365039825439453,-97.85823822021484,7.5,1.505977876,1.4453375
TX-AZ2-3-STR,AZ2-3,26.365039825439453,-97.85823822021484,20.0,1.521808805,1.4773136
TX-AZ3-1-STR,AZ3-1,26.389298,-97.852623,2.5,1.695851908,1.4394656
TX-AZ3-1-STR,AZ3-1,26.389298,-97.852623,7.5,0.815535678,1.4574908
TX-AZ3-1-STR,AZ3-1,26.389298,-97.852623,20.0,0.883521265,1.4900136
TX-AZ3-2-STR,AZ3-2,26.387731,-97.852666,2.5,1.401862805,1.438606
TX-AZ3-2-STR,AZ3-2,26.387731,-97.852666,7.5,1.639909482,1.4573478
TX-AZ3-2-STR,AZ3-2,26.387731,-97.852666,20.0,0.951506852,1.4928696
TX-AZ3-3-STR,AZ3-3,26.38783264160156,-97.849146,2.5,1.336596642,1.4443012
TX-AZ3-3-STR,AZ3-3,26.38783264160156,-97.849146,7.5,1.267931199,1.4631866
TX-AZ3-3-STR,AZ3-3,26.38783264160156,-97.849146,20.0,1.434981498,1.4957848
TX-AR2-1-REF,AR2-1,26.309165954589844,-98.203663,2.5,1.977215116,1.304036
TX-AR2-1-REF,AR2-1,26.309165954589844,-98.203663,7.5,1.868535299,1.3404123
TX-AR2-1-REF,AR2-1,26.309165954589844,-98.203663,20.0,1.656420267,1.4185644
TX-AR2-2-REF,AR2-2,26.30907954,-98.20307159423828,20.0,1.491118169,1.39108
TX-AR2-3-REF,AR2-3,26.3089599609375,-98.202272,7.5,1.800549712,1.312057
TX-AR3-1-REF,AR3-1,26.425935745239254,-97.865571,2.5,0.887988889,1.2890226
TX-AR3-1-REF,AR3-1,26.425935745239254,-97.865571,7.5,1.305614638,1.2919947
TX-AR3-1-REF,AR3-1,26.425935745239254,-97.865571,20.0,1.321639812,1.372977
TX-AR3-2-REF,AR3-2,26.425750732421875,-97.86554718017578,2.5,1.842895021,1.3069681
TX-AR3-2-REF,AR3-2,26.425750732421875,-97.86554718017578,7.5,1.342035488,1.3275926
TX-AR3-2-REF,AR3-2,26.425750732421875,-97.86554718017578,20.0,1.677204433,1.4116659
TX-AR3-3-REF,AR3-3,26.425912,-97.863987,2.5,1.156531958,1.3961213
TX-AR3-3-REF,AR3-3,26.425912,-97.863987,7.5,1.545021027,1.4073706
TX-AR3-3-REF,AR3-3,26.425912,-97.863987,20.0,1.302409603,1.4652267
S2020CT013001,PaN1-1,41.797167,-72.22985076904297,2.5,1.05,1.0715679
S2020CT013001,PaN1-1,41.797167,-72.22985076904297,7.5,1.2,1.1204507
S2020CT013001,PaN1-1,41.797167,-72.22985076904297,16.5,1.2,1.1515597
S2020CT013001,PaN1-1,41.797167,-72.22985076904297,36.0,1.52,1.166996
S2020CT013001,PaN1-1,41.797167,-72.22985076904297,62.5,1.53,1.0854326
S2020CT013001,PaN1-1,41.797167,-72.22985076904297,83.0,1.71,0.93667096
S2020CT013001,PaN1-1,41.797167,-72.22985076904297,101.5,1.8,0.92810893
S2020CT013002,PaT1-1,41.79724884033203,-72.229722,7.5,1.41,1.1204507
S2020CT013002,PaT1-1,41.79724884033203,-72.229722,17.0,1.44,1.1495726
S2020CT013002,PaT1-1,41.79724884033203,-72.229722,31.0,1.44,1.166996
S2020CT013002,PaT1-1,41.79724884033203,-72.229722,45.0,1.5,1.169635
S2020CT013002,PaT1-1,41.79724884033203,-72.229722,62.0,1.46,1.0854326
S2020CT013002,PaT1-1,41.79724884033203,-72.229722,94.0,1.85,0.9255664
S2020CT013003,PaT1-2,41.797389,-72.2300556,2.5,1.15,1.0715679
S2020CT013003,PaT1-2,41.797389,-72.2300556,7.5,1.38,1.1204507
S2020CT013003,PaT1-2,41.797389,-72.2300556,19.5,1.51,1.1609029
S2020CT013003,PaT1-2,41.797389,-72.2300556,34.5,1.54,1.166996
S2020CT013003,PaT1-2,41.797389,-72.2300556,56.5,1.77,1.1356299
S2020CT013003,PaT1-2,41.797389,-72.2300556,80.0,1.85,0.9350489
S2020CT013003,PaT1-2,41.797389,-72.2300556,101.0,1.94,0.92810893
S2020CT013004,PaN1-2,41.7975278,-72.2302474975586,2.5,1.27,1.0715679
S2020CT013004,PaN1-2,41.7975278,-72.2302474975586,7.5,1.46,1.1204507
S2020CT013004,PaN1-2,41.7975278,-72.2302474975586,16.0,1.42,1.1515597
S2020CT013004,PaN1-2,41.7975278,-72.2302474975586,28.0,1.46,1.166996
S2020CT013004,PaN1-2,41.7975278,-72.2302474975586,48.5,1.76,1.1671486
S2020CT013004,PaN1-2,41.7975278,-72.2302474975586,83.5,1.99,0.93879247
S2020CT013006,PaN1-3,41.79774856567383,-72.2305556,2.5,1.19,1.0715679
S2020CT013006,PaN1-3,41.79774856567383,-72.2305556,7.5,1.42,1.1204507
S2020CT013006,PaN1-3,41.79774856567383,-72.2305556,19.0,1.29,1.1609029
S2020CT013006,PaN1-3,41.79774856567383,-72.2305556,29.5,1.56,1.166996
S2020CT013006,PaN1-3,41.79774856567383,-72.2305556,48.0,1.88,1.1671486
S2020CT013005,PaT1-3,41.7975833,-72.2303333,2.5,1.28,1.0715679
S2020CT013005,PaT1-3,41.7975833,-72.2303333,7.5,1.57,1.1204507
S2020CT013005,PaT1-3,41.7975833,-72.2303333,17.5,1.68,1.1495726
S2020CT013005,PaT1-3,41.7975833,-72.2303333,28.0,1.66,1.166996
S2020CT013005,PaT1-3,41.7975833,-72.2303333,46.0,1.87,1.169635
S2020CT013005,PaT1-3,41.7975833,-72.2303333,76.0,1.97,0.945685
S2020CT013007,PaM1-1,41.8184833,-72.2374496459961,2.5,1.11,0.86200655
S2020CT013007,PaM1-1,41.8184833,-72.2374496459961,7.5,1.32,0.92356765
S2020CT013007,PaM1-1,41.8184833,-72.2374496459961,16.0,1.39,1.0174493
S2020CT013008,PaM1-2,41.81850051879883,-72.2377833,7.5,1.08,0.92356765
S2020CT013008,PaM1-2,41.81850051879883,-72.2377833,21.0,1.42,1.0452464
S2020CT013008,PaM1-2,41.81850051879883,-72.2377833,41.0,1.56,1.0540231
S2020CT013008,PaM1-2,41.81850051879883,-72.2377833,63.5,1.65,0.9568351
S2020CT013008,PaM1-2,41.81850051879883,-72.2377833,90.0,1.67,0.791065
S2020CT013009,PaU1-1,41.8184333,-72.2388333,2.5,0.73,0.98082876
S2020CT013009,PaU1-1,41.8184333,-72.2388333,7.5,0.99,1.0477355
S2020CT013009,PaU1-1,41.8184333,-72.2388333,17.0,1.18,1.1436285
S2020CT013009,PaU1-1,41.8184333,-72.2388333,30.0,1.27,1.1476997
S2020CT013009,PaU1-1,41.8184333,-72.2388333,53.0,1.55,1.1320758
S2020CT013009,PaU1-1,41.8184333,-72.2388333,83.5,1.72,0.9256979
S2020CT013009,PaU1-1,41.8184333,-72.2388333,103.5,1.94,0.91927886
S2020CT013010,PaU1-2,41.818491,-72.238939,2.5,1.13,0.98082876
S2020CT013010,PaU1-2,41.818491,-72.238939,22.5,1.28,1.145755
S2020CT013010,PaU1-2,41.818491,-72.238939,44.5,1.42,1.1501545
S2020CT013011,PaM2-1,41.8207833,-72.25135040283203,2.5,1.22,0.9718692
S2020CT013011,PaM2-1,41.8207833,-72.25135040283203,7.5,1.27,1.0240939
S2020CT013011,PaM2-1,41.8207833,-72.25135040283203,16.5,1.38,1.1233584
S2020CT013011,PaM2-1,41.8207833,-72.25135040283203,37.5,1.67,1.134672
S2020CT013011,PaM2-1,41.8207833,-72.25135040283203,56.5,1.79,1.1093013
S2020CT013011,PaM2-1,41.8207833,-72.25135040283203,71.0,1.89,0.9531341
S2020CT013011,PaM2-1,41.8207833,-72.25135040283203,89.5,1.92,0.9095669
S2020CT013012,PaM2-2,41.82099914550781,-72.2543056,2.5,1.02,0.9873862
S2020CT013012,PaM2-2,41.82099914550781,-72.2543056,7.5,1.31,1.0689939
S2020CT013012,PaM2-2,41.82099914550781,-72.2543056,14.5,1.42,1.1468982
S2020CT013012,PaM2-2,41.82099914550781,-72.2543056,26.5,1.49,1.175787
S2020CT013012,PaM2-2,41.82099914550781,-72.2543056,41.5,1.55,1.1782737
S2020CT013012,PaM2-2,41.82099914550781,-72.2543056,58.0,1.69,1.1328939
S2020CT013013,PaU2-1,41.8216111,-72.2532778,2.5,0.88,0.8902827
S2020CT013013,PaU2-1,41.8216111,-72.2532778,36.0,1.39,1.0996033
S2020CT013013,PaU2-1,41.8216111,-72.2532778,56.5,1.67,1.071715
S2020CT013013,PaU2-1,41.8216111,-72.2532778,76.5,1.91,0.8558209
S2020CT013013,PaU2-1,41.8216111,-72.2532778,103.5,1.86,0.8263654
S2020CT013014,PaU2-2,41.82161667,-72.25332641601562,7.5,1.01,0.98005617
S2020CT013014,PaU2-2,41.82161667,-72.25332641601562,16.5,1.16,1.0768696
S2020CT013014,PaU2-2,41.82161667,-72.25332641601562,30.0,1.41,1.1016779
S2020CT013014,PaU2-2,41.82161667,-72.25332641601562,41.5,1.29,1.1035298
S2020CT013014,PaU2-2,41.82161667,-72.25332641601562,53.0,1.56,1.078181
S2020CT013015,PaL1-1,41.7995278,-72.188333,2.5,1.22,0.8796257
S2020CT013015,PaL1-1,41.7995278,-72.188333,7.5,1.53,0.9609116
S2020CT013015,PaL1-1,41.7995278,-72.188333,36.0,1.58,1.0978125
S2020CT013015,PaL1-1,41.7995278,-72.188333,59.0,1.77,1.0286357
S2020CT013015,PaL1-1,41.7995278,-72.188333,84.0,1.82,0.81976664
S2020CT013015,PaL1-1,41.7995278,-72.188333,103.0,1.71,0.80949324
S2020CT013016,PaL1-2,41.7995556,-72.18838889,2.5,1.21,0.8796257
S2020CT013016,PaL1-2,41.7995556,-72.18838889,7.5,1.22,0.9609116
S2020CT013016,PaL1-2,41.7995556,-72.18838889,17.0,1.26,1.0760244
S2020CT013016,PaL1-2,41.7995556,-72.18838889,32.0,1.43,1.0978125
S2020CT013016,PaL1-2,41.7995556,-72.18838889,48.5,1.47,1.0985115
S2020CT013017,PaL2-1,41.800011,-72.189595,2.5,1.2,0.8719289
S2020CT013017,PaL2-1,41.800011,-72.189595,7.5,1.33,0.9545077
S2020CT013017,PaL2-1,41.800011,-72.189595,27.0,1.48,1.0708991
S2020CT013017,PaL2-1,41.800011,-72.189595,47.5,1.48,1.0739259
S2020CT013017,PaL2-1,41.800011,-72.189595,62.0,1.4,0.986138
S2020CT013018,PaL2-2,41.8000602722168,-72.18949890136719,2.5,1.33,0.8719289
S2020CT013018,PaL2-2,41.8000602722168,-72.18949890136719,7.5,1.33,0.9545077
S2020CT013018,PaL2-2,41.8000602722168,-72.18949890136719,19.5,1.47,1.0682694
S2020CT013018,PaL2-2,41.8000602722168,-72.18949890136719,36.5,1.48,1.0724295
S2020CT013018,PaL2-2,41.8000602722168,-72.18949890136719,52.0,1.48,1.0650004
S2020CT015004,PaH1-1,41.96549987792969,-71.9745277,21.5,1.37,1.1605473
S2020CT015004,PaH1-1,41.96549987792969,-71.9745277,42.5,1.3,1.1654744
S2020CT015004,PaH1-1,41.96549987792969,-71.9745277,62.5,1.4,1.0905669
S2020CT015004,PaH1-1,41.96549987792969,-71.9745277,86.0,1.66,0.9371927
S2020CT015005,PaH1-2,41.96552778,-71.9745556,7.5,1.18,1.1043438
S2020CT015005,PaH1-2,41.96552778,-71.9745556,19.0,1.36,1.1603634
S2020CT015005,PaH1-2,41.96552778,-71.9745556,35.5,1.33,1.1620001
S2020CT015005,PaH1-2,41.96552778,-71.9745556,58.0,1.35,1.1330394
S2020CT015001,PaN2-1,41.9655556,-71.9746667,2.5,1.41,1.0818145
S2020CT015001,PaN2-1,41.9655556,-71.9746667,7.5,1.46,1.1043438
S2020CT015001,PaN2-1,41.9655556,-71.9746667,25.0,1.51,1.1592988
S2020CT015001,PaN2-1,41.9655556,-71.9746667,44.5,1.35,1.1654744
S2020CT015001,PaN2-1,41.9655556,-71.9746667,70.5,1.45,1.0369614
S2020CT015001,PaN2-1,41.9655556,-71.9746667,97.0,1.71,0.93250287
S2020CT015002,PaN2-2,41.9654722,-71.97463889,2.5,1.36,1.0818145
S2020CT015002,PaN2-2,41.9654722,-71.97463889,7.5,1.43,1.1043438
S2020CT015002,PaN2-2,41.9654722,-71.97463889,25.5,1.47,1.1592988
S2020CT015002,PaN2-2,41.9654722,-71.97463889,43.0,1.37,1.1654744
S2020CT015003,PaN2-3,41.96552778,-71.9746667,2.5,1.35,1.0818145
S2020CT015003,PaN2-3,41.96552778,-71.9746667,7.5,1.44,1.1043438
S2020CT015003,PaN2-3,41.96552778,-71.9746667,28.5,1.43,1.1620001
S2020CT015003,PaN2-3,41.96552778,-71.9746667,48.0,1.41,1.1654744
S2020CT013019,PaH2-1,41.7541111,-72.2346389,2.5,1.21,1.183436
S2020CT013019,PaH2-1,41.7541111,-72.2346389,7.5,1.42,1.2161751
S2020CT013019,PaH2-1,41.7541111,-72.2346389,14.5,1.38,1.2554977
S2020CT013019,PaH2-1,41.7541111,-72.2346389,25.5,1.4,1.2631341
S2020CT013019,PaH2-1,41.7541111,-72.2346389,36.5,1.38,1.2613584
S2020CT013019,PaH2-1,41.7541111,-72.2346389,48.0,1.56,1.2640773
S2020CT013019,PaH2-1,41.7541111,-72.2346389,65.0,1.93,1.093531
S2020CT013020,PaH2-2,41.7541389,-72.2345833,2.5,1.23,1.183436
S2020CT013020,PaH2-2,41.7541389,-72.2345833,7.5,1.39,1.2161751
S2020CT013020,PaH2-2,41.7541389,-72.2345833,17.5,1.37,1.2623054
S2020CT013020,PaH2-2,41.7541389,-72.2345833,30.5,1.52,1.261297
S2020CT013020,PaH2-2,41.7541389,-72.2345833,44.0,1.6,1.2641124
S2020CT013021,PaT2-1,41.7537778,-72.2351944,2.5,1.59,1.183436
S2020CT013021,PaT2-1,41.7537778,-72.2351944,7.5,1.47,1.2161751
S2020CT013021,PaT2-1,41.7537778,-72.2351944,14.5,1.51,1.2554977
S2020CT013021,PaT2-1,41.7537778,-72.2351944,24.5,1.73,1.2631341
S2020CT013021,PaT2-1,41.7537778,-72.2351944,37.5,1.84,1.2613584
S2020CT013021,PaT2-1,41.7537778,-72.2351944,53.5,1.88,1.2426509
S2020CT013021,PaT2-1,41.7537778,-72.2351944,71.0,1.98,1.0155307
S2020CT013021,PaT2-1,41.7537778,-72.2351944,87.0,1.97,0.9649777
S2020CT013022,PaT2-2,41.75379943847656,-72.2351833,2.5,1.58,1.183436
S2020CT013022,PaT2-2,41.75379943847656,-72.2351833,7.5,1.55,1.2161751
S2020CT013022,PaT2-2,41.75379943847656,-72.2351833,22.0,1.54,1.2624978
S2020CT013022,PaT2-2,41.75379943847656,-72.2351833,34.0,1.7,1.2613584
S2020CT013022,PaT2-2,41.75379943847656,-72.2351833,47.5,1.85,1.2640773
S2020CT013023,PaT2-3,41.7537833,-72.23521667,2.5,1.58,1.183436
S2020CT013023,PaT2-3,41.7537833,-72.23521667,7.5,1.55,1.2161751
S2020CT013023,PaT2-3,41.7537833,-72.23521667,21.5,1.76,1.2624978
S2020CT013023,PaT2-3,41.7537833,-72.23521667,32.0,1.8,1.261297
S2020CT013023,PaT2-3,41.7537833,-72.23521667,44.5,2.0,1.2641124
