pixel_x_250m,pixel_y_250m,depth_bin_10cm,observed_SOC_pct,predicted_SOC_pct,n_horizons
-54956,22324,0,5.22466663519541,3.606424,6
-54956,22324,2,3.6613333225250195,2.2143595,3
-54956,22324,5,1.5386666854222568,0.9268489,3
-54956,22324,8,0.5279999872048634,0.5256359,3
-54928,22434,0,4.319000045458472,4.4322615,6
-54928,22434,2,3.0353333950042694,3.7390177,3
-54928,22434,4,1.7093333005905098,1.6807138,3
-54928,22434,7,1.2330000201861033,0.87648565,3
-54919,22129,0,3.5839999914169303,2.4429688,2
-54919,22129,1,3.64800000190734,1.8755485,1
-54919,22129,3,2.51399993896484,1.3987205,1
-54919,22129,5,1.19000005722045,0.73288614,1
-54919,22129,8,0.57999998331069,0.36262593,1
-54919,22130,0,3.2772499918937648,2.5384374,4
-54919,22130,1,2.940000057220455,1.8697467,2
-54919,22130,3,2.2444999217987,1.4140556,2
-54919,22130,5,1.201499998569485,0.7116454,2
-54919,22130,8,0.636500000953665,0.36182353,2
-54902,22257,0,3.8721666336059517,3.593745,6
-54902,22257,1,3.7239999771118106,2.9165585,3
-54902,22257,3,2.4056665897369367,1.6157938,3
-54902,22257,7,0.8029999931653299,0.72076225,3
-54890,22321,0,2.8183333476384433,2.4961746,6
-54890,22321,2,1.4390000104904133,2.0145926,3
-54890,22321,5,0.6713333328564933,0.87569314,3
-54890,22321,8,0.44966665903726666,0.5134695,3
-54890,22321,9,0.4876666764418232,0.43829718,3
-54865,22530,0,2.2023333708445185,3.08399,6
-54865,22530,2,1.7693332831064834,1.6777797,3
-54865,22530,4,0.9389999707539833,0.764553,3
-54865,22530,7,0.5333333313465066,0.51566845,3
-54865,22530,8,0.2886666705210966,0.37809324,3
-54865,22532,0,2.5309999982515934,2.2832906,6
-54865,22532,2,1.2620000044504767,1.3092256,3
-54865,22532,6,0.5456666648387833,0.57944524,3
-54865,22532,8,0.3169999917348167,0.38204786,3
-54831,22517,0,2.426500002543127,2.4103642,6
-54831,22517,1,2.2756667137145965,1.4442459,3
-54831,22517,4,1.7726666927337602,0.87845373,3
-54831,22517,6,1.22000000874201,0.49571896,3
-54831,22517,8,0.6369999845822599,0.30859056,3
-54828,22509,0,3.477000077565505,3.089284,6
-54828,22509,3,1.8919999996821033,1.6812989,3
-54828,22509,6,1.2106666564941369,0.63100463,3
-54828,22509,8,0.94666665792465,0.40369213,3
-54801,22643,0,2.9173333644866886,3.414013,6
-54801,22643,1,2.09699996312459,2.1185658,3
-54801,22643,3,1.6589999993642133,1.2836398,3
-54801,22643,5,1.1676666736602732,0.76892453,3
-54801,22643,8,1.14466669162114,0.51375127,3
-54797,22564,0,1.62850000460942,2.0838773,6
-54797,22564,1,1.47466663519541,1.6712264,3
-54797,22564,3,0.5736666619777633,0.7185994,3
-54797,22564,7,0.2496666659911433,0.34656262,3
-54792,22644,0,2.4380000233650168,3.0156167,6
-54792,22644,1,1.3436666727065998,1.7525202,3
-54792,22644,3,0.715499997138975,0.8985347,2
-54792,22644,6,0.529999986290925,0.5049106,2
-54792,22644,9,0.570999979972835,0.34413573,2
-54756,22629,0,3.3811666965484566,2.2408078,6
-54756,22629,1,1.3676666816075567,1.31366,3
-54756,22629,4,0.6946666737397433,0.7331052,3
-54756,22629,6,0.39966667691866004,0.5195686,3
-54756,22629,8,0.19666666289169998,0.37473533,3
-54754,22631,0,1.8777500092983175,1.8926648,4
-54754,22631,1,1.6930000185966398,1.279367,2
-54754,22631,2,1.2425000071525498,0.9843745,2
-54754,22631,4,0.454499989747995,0.54797524,2
-54754,22631,7,0.30999998748302005,0.3512821,2
-54754,22631,9,0.22199999541044002,0.29777586,2
-54754,22632,0,1.784500002861015,1.5457993,2
-54754,22632,1,1.44799995422363,1.1952134,1
-54754,22632,2,1.125,0.9459691,1
-54754,22632,4,0.4259999990463199,0.5235082,1
-54754,22632,7,0.21799999475479,0.3261464,1
-54754,22632,9,0.29600000381469,0.27401894,1
-54729,22429,0,2.6870000362396183,3.020676,6
-54729,22429,1,2.270333290100093,1.5317063,3
-54729,22429,4,1.3866666952768931,0.8890155,3
-54729,22429,8,0.5400000015894534,0.48511887,3
-54709,22453,0,2.73466668526331,2.815854,6
-54709,22453,2,0.8356666763623534,1.5219789,3
-54709,22453,7,0.3003333310286133,0.70259,3
-54709,22453,9,0.19999999801317,0.5515066,3
-54706,22455,0,2.4914999802907283,3.1011295,6
-54706,22455,1,1.6123333374659168,1.7268049,3
-54706,22455,4,0.58700001239776,0.9349515,3
-54706,22455,8,0.22400000194708,0.4834856,3
-54700,22494,0,2.140833318233487,2.334059,6
-54700,22494,1,2.1186666488647403,1.586105,3
-54700,22494,4,1.2716666460037167,0.9588682,3
-54700,22494,7,0.4549999932448034,0.5665958,3
-52303,23630,0,1.2983333369096084,1.6796805,6
-52303,23630,1,0.4600000083446499,0.8451371,1
-52303,23630,2,1.060000002384185,0.7874102,2
-52303,23630,3,0.10999999940395,0.48957744,1
-52303,23630,4,0.45999999344348497,0.47197875,2
-52303,23630,6,0.15500000119209,0.3561008,2
-52303,23630,7,0.3600000143051099,0.33788174,1
-52303,23630,9,0.16999999930460996,0.26756456,3
-52303,23630,11,0.10000000024834665,0.25239232,3
-52287,23602,0,2.038624982039129,1.9629892,12
-52287,23602,1,1.783175021409985,1.0048916,4
-52287,23602,2,0.84999999403953,0.85956955,2
-52287,23602,4,1.5739099979400564,0.5895637,3
-52287,23602,5,1.1906000177065466,0.5128586,3
-52287,23602,6,1.6300600469112352,0.4460302,2
-52287,23602,7,1.6068999767303398,0.4245787,1
-52287,23602,8,1.0000666975974966,0.35570395,3
-52287,23602,9,1.1542699734369866,0.34555748,3
-52287,23602,10,0.6272999942302651,0.33189428,2
-52287,23602,11,0.63531748205423,0.3300623,4
-52187,23610,0,2.3808187469840014,2.103135,16
-52187,23610,1,1.3901249766349775,1.2541097,4
-52187,23610,2,1.580850005149835,1.1618452,4
-52187,23610,3,1.0409033099810234,0.83234006,3
-52187,23610,4,1.3862659931182821,0.68799686,5
-52187,23610,5,0.6033566594123766,0.61090416,3
-52187,23610,6,0.63752001523971,0.5334216,1
-52187,23610,7,0.91908997297287,0.5050946,2
-52187,23610,8,0.822187978029244,0.43808565,5
-52187,23610,9,0.5029366811116466,0.4176339,3
-52187,23610,11,0.5021137483417962,0.40771,8
-52135,23626,0,2.07841499447822,1.5071758,20
-52135,23626,1,1.7404666741689032,1.1844109,3
-52135,23626,2,1.4252428582736372,1.1093969,7
-52135,23626,3,0.68000000715255,0.7504434,1
-52135,23626,4,1.1423540115356399,0.67903125,5
-52135,23626,5,0.9793699905276225,0.62827003,4
-52135,23626,6,0.40000000596046,0.56312394,1
-52135,23626,7,0.7432928596224058,0.47132596,7
-52135,23626,8,0.39702665805816,0.4066484,3
-52135,23626,9,0.49921500682830167,0.39328575,6
-52135,23626,10,0.46965498477219997,0.3768553,2
-52135,23626,11,0.3538412526249837,0.37412506,8
-45600,15085,0,0.41000001132488,0.5512135,2
-45600,15085,2,0.17000000178813,0.47978935,1
-45600,15085,5,0.23999999463558,0.26993638,1
-45600,15085,8,0.20999999344348,0.13143845,1
-45600,15612,0,0.33499999344348497,0.7535312,2
-45600,15612,2,0.18000000715255,0.62176263,1
-45600,15612,5,0.25,0.36446008,1
-45600,15612,8,0.3000000119209199,0.17619555,1
-45600,15613,0,0.409999996423715,0.7386207,2
-45600,15613,2,0.20999999344348,0.62063503,1
-45600,15613,5,0.15999999642372,0.37230805,1
-45600,15613,8,0.28000000119209,0.18418376,1
-45395,15461,0,0.4113888910247161,0.67888474,36
-45395,15461,2,0.1600000013907694,0.5180995,18
-45395,15461,5,0.1788888908922611,0.23924796,18
-45395,15461,8,0.15944444512326997,0.112782955,18
-45395,15462,0,0.4333333397904992,0.68909556,12
-45395,15462,2,0.17666666582226165,0.5154133,6
-45395,15462,5,0.19166666517654332,0.23384984,6
-45395,15462,8,0.16666666790842496,0.107935734,6
-45395,15462,,0.3733333418766607,0.36725998,15
-45002,19105,0,1.874999970197675,1.0997157,4
-45002,19105,1,1.230000019073485,0.89642036,2
-45002,19105,3,0.919999986886975,0.65040106,2
-45002,19105,4,0.869999974966045,0.5317806,2
-45002,19105,5,1.23000001907348,0.45308965,1
-45002,19105,6,0.77999997138977,0.4294279,1
-45002,19105,7,0.974999994039535,0.37982368,2
-45002,19105,8,0.77999997138977,0.2903744,1
-45002,19105,9,0.8500000238418501,0.2903744,1
-45002,19106,0,2.0499999523162797,1.1017331,2
-45002,19106,1,1.25999999046325,0.91002566,1
-45002,19106,3,0.74000000953674,0.6524679,1
-45002,19106,4,0.75,0.5216515,1
-45002,19106,6,1.01999998092651,0.43301272,1
-45002,19106,7,0.81999999284744,0.35390845,1
-45002,19106,9,0.58999997377395,0.2903744,1
-45002,19107,0,2.629999995231625,2.0119312,6
-45002,19107,1,1.6866666475931769,0.9928166,3
-45002,19107,3,1.6266666650772066,0.6393363,3
-45002,19107,5,1.1133333643277432,0.46644697,3
-45002,19107,6,0.75999999046325,0.37958473,1
-45002,19107,7,0.61000001430511,0.32702821,1
-45002,19107,8,0.68999999761581,0.32163543,1
-45002,19107,9,0.6000000039736367,0.2840497,3
-44928,19435,0,1.37333331505457,1.713674,6
-44928,19435,1,0.9200000166892933,0.9313855,3
-44928,19435,2,0.629999995231625,0.60836965,2
-44928,19435,3,0.7200000286102199,0.58780146,1
-44928,19435,4,0.56000000238418,0.47145572,3
-44928,19435,6,0.5900000035762732,0.34847346,3
-44928,19435,8,0.6099999845027899,0.23314102,2
-44928,19435,9,0.61000001430511,0.22940217,1
-44915,19448,0,2.116666674613945,1.765554,6
-44915,19448,1,1.0199999610582933,0.874571,3
-44915,19448,3,0.70666666825612,0.5880598,3
-44915,19448,5,0.63666665554046,0.43634692,3
-44915,19448,7,0.7600000103314667,0.3258327,3
-44915,19448,8,0.66000002622604,0.24574518,1
-44915,19448,9,0.86500000953674,0.25827384,2
-44915,19451,0,1.9933333297570484,1.0201648,6
-44915,19451,1,0.87333331505457,0.86142796,3
-44915,19451,2,0.8449999988079,0.73903763,2
-44915,19451,3,0.8266666730244899,0.5855458,3
-44915,19451,4,0.63666665554046,0.45603076,3
-44915,19451,6,0.49000000953673994,0.3403934,2
-44915,19451,7,0.44999998807907,0.31377894,1
-44915,19451,8,0.4500000029802299,0.22675903,2
-44915,19451,9,0.40000000596046,0.22675903,1
-44778,19029,0,2.636666655540462,2.0579271,6
-44778,19029,1,1.5266666412353498,0.97129875,3
-44778,19029,3,0.88666665554046,0.65501237,3
-44778,19029,5,0.6233333349227833,0.5036297,3
-44778,19029,6,0.56000000238418,0.3982499,1
-44778,19029,7,0.65999999642372,0.38629577,2
-44778,19029,9,0.5166666607061999,0.2998514,3
-44776,19027,0,1.9683333039283717,0.9899294,6
-44776,19027,1,1.38999998569488,0.7361684,3
-44776,19027,2,1.13999998569488,0.535845,1
-44776,19027,3,0.83500000834465,0.530671,2
-44776,19027,4,0.6699999769528667,0.41891363,3
-44776,19027,6,0.620000004768365,0.32825908,2
-44776,19027,7,0.734999984502785,0.28973868,2
-44776,19027,8,0.6999999880790699,0.22813453,1
-44776,19027,9,0.61499997973442,0.22813453,2
-44770,19027,0,1.498333334922785,1.8493828,6
-44770,19027,1,1.0200000007947234,1.0836467,3
-44770,19027,2,0.6200000047683699,0.7904544,2
-44770,19027,3,0.6433333357175101,0.5826046,3
-44770,19027,4,0.7200000286102199,0.47062066,1
-44770,19027,5,0.5299999713897701,0.44091398,1
-44770,19027,6,0.56999999284744,0.404907,1
-44770,19027,7,0.50999999046325,0.31896058,1
-44770,19027,8,0.48999999463557997,0.3081913,2
-44770,19027,9,0.44999998807907,0.29868376,1
-43728,12149,0,1.5416666666666599,1.4783697,6
-43728,12149,2,0.9633333285649567,0.807566,3
-43728,12149,4,0.7333333293596866,0.49930474,3
-43728,12149,6,0.7366666595141034,0.39141425,3
-43728,12149,9,0.6066666642824766,0.2864444,3
-43591,12183,0,1.045000016689295,1.2146615,2
-43591,12183,2,1.0900000333786,1.0681046,1
-43591,12183,4,0.73000001907348,0.54510343,1
-43591,12183,6,0.6700000166893,0.37024143,1
-43591,12183,9,0.47999998927116,0.22744165,1
-43585,12180,0,0.9125000089406925,0.94490397,4
-43585,12180,2,1.08000004291534,0.72812474,2
-43585,12180,4,0.884999990463255,0.38369817,2
-43585,12180,6,0.65500000119209,0.2766415,2
-43585,12180,9,0.59999999403953,0.17320064,2
-43583,12198,0,1.06999999284744,0.7799902,2
-43583,12198,2,0.89999997615814,0.6373909,1
-43583,12198,4,0.61000001430511,0.3965225,1
-43583,12198,6,0.20000000298023,0.2904801,1
-43583,12198,9,0.4900000095367399,0.18344334,1
-43583,12203,0,0.97499996423721,0.7939367,2
-43583,12203,2,0.7900000214576699,0.6590062,1
-43583,12203,4,0.7900000214576699,0.39729565,1
-43583,12203,6,0.60000002384185,0.2821386,1
-43583,12203,9,0.60000002384185,0.16523583,1
-43583,12206,0,0.99500000476837,0.93063545,2
-43583,12206,2,0.8799999952316199,0.7390043,1
-43583,12206,4,0.5299999713897701,0.46460062,1
-43583,12206,6,0.40999999642372,0.34389666,1
-43583,12206,9,0.37000000476837,0.21646711,1
-43583,12208,0,0.9050000011920851,0.88447344,2
-43583,12208,2,0.31000000238418,0.6654892,1
-43583,12208,4,0.40999999642372,0.39081752,1
-43583,12208,6,0.56999999284744,0.28496507,1
-43583,12208,9,0.75,0.17072377,1
-43583,12209,0,0.90500000119209,0.92432064,2
-43583,12209,2,0.63999998569488,0.6903964,1
-43583,12209,4,0.60000002384185,0.38901296,1
-43583,12209,6,0.54000002145767,0.28102565,1
-43583,12209,9,0.3400000035762699,0.16184115,1
-43579,12198,0,0.910000026226035,0.9493921,2
-43579,12198,2,1.1799999475479102,0.7221191,1
-43579,12198,4,0.83999997377395,0.41466334,1
-43579,12198,6,0.6700000166893,0.29807493,1
-43579,12198,9,0.5500000119209201,0.17600887,1
-43578,12207,0,2.67250004410743,1.468171,4
-43578,12207,2,2.43500000238418,0.8103702,2
-43578,12207,4,1.70500004291534,0.43782526,2
-43578,12207,6,0.79499998688697,0.31888342,2
-43578,12207,9,0.86500000953674,0.21300171,2
-43577,12207,0,5.879999995231625,1.4490664,2
-43577,12207,2,2.5799999237060502,0.83044624,1
-43577,12207,4,1.45000004768371,0.43842888,1
-43577,12207,6,0.56999999284744,0.30622062,1
-43577,12207,9,0.2199999988079,0.19715866,1
-43576,12180,0,1.3749999999999951,1.0131054,2
-43576,12180,2,1.21000003814697,0.7728637,1
-43576,12180,4,1.28999996185302,0.4582653,1
-43576,12180,6,1.0499999523162802,0.33360612,1
-43576,12180,9,1.00999999046325,0.20877242,1
-43576,12181,0,1.300000011920925,0.9574081,2
-43576,12181,2,1.2400000095367398,0.76239103,1
-43576,12181,4,1.15999996662139,0.44481158,1
-43576,12181,6,1.0499999523162802,0.32130253,1
-43576,12181,9,0.70999997854232,0.1976205,1
-43576,12183,0,1.8500000238418548,1.1603746,2
-43576,12183,2,1.8400000333785995,0.84063965,1
-43576,12183,4,1.6699999570846498,0.50559765,1
-43576,12183,6,1.55999994277954,0.37688178,1
-43576,12183,9,1.45000004768371,0.24841154,1
-43576,12185,0,1.784999966621395,0.9313772,2
-43576,12185,2,1.41999995708465,0.7440825,1
-43576,12185,4,1.21000003814697,0.4383691,1
-43576,12185,6,2.13000011444091,0.36619115,1
-43576,12185,9,1.21000003814697,0.25321108,1
-43575,12177,0,1.1500000357627802,1.27587,2
-43575,12177,2,0.89999997615814,1.1426595,1
-43575,12177,4,0.97000002861022,0.64151937,1
-43575,12177,6,0.75,0.43731928,1
-43575,12177,9,0.6200000047683699,0.28955397,1
-43574,12174,0,0.78000000119209,1.0527601,2
-43574,12174,2,0.76999998092651,0.98910344,1
-43574,12174,4,0.37000000476837,0.6686615,1
-43574,12174,6,0.28999999165534,0.45889473,1
-43574,12174,9,0.10999999940395,0.2910556,1
-43573,12181,0,0.965000003576275,0.9242574,2
-43573,12181,2,1.25,0.7084148,1
-43573,12181,4,0.98000001907348,0.4065266,1
-43573,12181,6,0.93000000715255,0.29060876,1
-43573,12181,9,0.81999999284744,0.17327957,1
-43572,12188,0,1.050000011920925,1.1682419,2
-43572,12188,2,0.81999999284744,0.7120357,1
-43572,12188,4,0.6200000047683699,0.40327066,1
-43572,12188,6,0.3600000143051099,0.26458523,1
-43572,12188,9,0.3000000119209199,0.18388163,1
-43572,12189,0,1.204999983310695,1.0295205,2
-43572,12189,2,1.08000004291534,0.81031334,1
-43572,12189,4,0.73000001907348,0.45823225,1
-43572,12189,6,0.75,0.28463975,1
-43572,12189,9,0.60000002384185,0.20513497,1
-43571,12188,0,1.069999992847435,0.9902272,2
-43571,12188,2,0.8600000143051101,0.6665232,1
-43571,12188,4,1.28999996185302,0.38830855,1
-43571,12188,6,0.57999998331069,0.25110185,1
-43571,12188,9,0.3400000035762699,0.16122322,1
-43569,12174,0,0.8849999904632551,1.0401111,2
-43569,12174,2,0.74000000953674,0.9748194,1
-43569,12174,4,0.47999998927116,0.56812125,1
-43569,12174,6,0.3600000143051099,0.38429204,1
-43569,12174,9,0.23000000417232,0.25634766,1
-43569,12219,0,1.324999988079065,0.9297292,2
-43569,12219,2,1.42999994754791,0.7336644,1
-43569,12219,4,1.76999998092651,0.43443674,1
-43569,12219,6,1.62999999523162,0.32525435,1
-43569,12219,9,1.49000000953674,0.20588669,1
-43568,12220,0,1.6924999952316224,1.0787932,4
-43568,12220,2,1.4850000143051099,0.9630819,2
-43568,12220,4,1.310000032186505,0.5426485,2
-43568,12220,6,1.15000000596046,0.35725,2
-43568,12220,9,0.875000014901155,0.24263777,2
-43567,12181,0,1.8449999690055798,1.1450821,2
-43567,12181,2,1.64999997615814,1.0105666,1
-43567,12181,4,1.48000001907348,0.54602516,1
-43567,12181,6,1.22000002861022,0.3830744,1
-43567,12181,9,1.0900000333786,0.2500098,1
-43555,12214,0,1.16999995708465,0.9682158,2
-43555,12214,2,0.68000000715255,0.75524956,1
-43555,12214,4,0.31999999284744,0.39565024,1
-43555,12214,6,0.3400000035762699,0.271382,1
-43555,12214,9,0.31999999284744,0.15577291,1
-43555,12215,0,0.740000009536735,0.9703755,2
-43555,12215,2,0.87000000476837,0.7532401,1
-43555,12215,4,0.47999998927116,0.39693975,1
-43555,12215,6,0.33000001311302,0.28077024,1
-43555,12215,9,0.1400000005960399,0.1609822,1
-43555,12216,0,1.44499999284744,0.8991231,2
-43555,12216,2,1.07000005245208,0.7038184,1
-43555,12216,4,0.75,0.39693975,1
-43555,12216,6,0.0700000002980199,0.27773055,1
-43555,12216,9,0.25,0.15687907,1
-41347,21706,0,3.314724981784815,2.270807,4
-41347,21706,1,2.9059499502182,1.6033696,2
-41347,21706,3,1.983549952507015,0.86151296,2
-41347,21706,5,0.76609998941421,0.59548885,1
-41347,21706,6,0.40580001473426,0.49131355,1
-41347,21706,8,0.2409999966621299,0.38890138,1
-41347,21706,9,0.22540000081062,0.3204803,1
-41347,21707,0,3.0387166738510083,2.2798474,6
-41347,21707,1,2.7058666547139434,1.7356275,3
-41347,21707,2,2.05739998817443,1.0959855,1
-41347,21707,3,1.351499974727625,0.9545461,2
-41347,21707,4,0.38740000128746,0.6106544,1
-41347,21707,5,0.589650020003315,0.5205158,2
-41347,21707,8,0.27549999952316,0.3830659,1
-41347,21707,9,0.77469998598098,0.33580068,1
-41347,21707,11,0.26690000295639,0.30359823,1
-41346,21706,0,3.162337511777874,2.5813055,8
-41346,21706,1,2.495074927806847,1.882365,4
-41346,21706,3,1.5029666821161836,1.092508,3
-41346,21706,4,1.4337999820709202,0.82868093,1
-41346,21706,5,1.1542500257491999,0.6439672,2
-41346,21706,6,0.608699992299075,0.6153437,2
-41346,21706,8,0.36969999969004996,0.44727272,2
-41346,21706,9,0.29760000109672,0.43152395,1
-41346,21706,10,0.21639999747276,0.4351608,1
-41343,21705,0,5.37455010414123,2.8926969,2
-41343,21705,1,4.79739999771118,2.0937521,1
-41343,21705,4,4.05789995193481,0.97238445,1
-41343,21705,8,1.650200009346,0.59691066,1
-41343,21706,0,2.849349975585935,2.6754897,2
-41343,21706,2,2.41030001640319,1.7924534,1
-41343,21706,4,0.96410000324249,0.9576667,1
-41343,21706,6,0.42179998755455,0.65662074,1
-41343,21706,10,0.30989998579025,0.42069373,1
-41342,21705,0,5.060293748974795,2.8705142,16
-41342,21705,1,3.4007499217987,2.0197701,4
-41342,21705,2,4.3519500494003225,1.6573492,4
-41342,21705,3,1.9633000691731732,1.1861567,3
-41342,21705,4,2.7092500030994353,0.9240882,4
-41342,21705,5,3.48079991340637,0.7841652,1
-41342,21705,6,2.2107750177383374,0.7429754,4
-41342,21705,7,1.0706333220004967,0.63961726,3
-41342,21705,8,1.0310333470503432,0.5637203,3
-41342,21705,9,0.419150009751315,0.49046183,2
-41342,21705,10,0.45989999175071,0.49924845,2
-41342,21705,11,0.47789999842643,0.49137074,1
-41342,21705,12,0.38774999976157504,0.4747128,2
-41342,21708,0,2.64487504959106,2.5429797,4
-41342,21708,1,2.3414500951766897,2.0082178,2
-41342,21708,2,0.9297000169754,1.3484591,1
-41342,21708,3,1.07599997520446,1.1966573,1
-41342,21708,5,0.59395000338554,0.7907791,2
-41342,21708,7,0.27549999952316,0.561514,1
-41342,21708,8,0.3959999978542299,0.5295841,1
-41342,21708,9,1.1104999780654898,0.44153172,1
-41342,21708,11,1.53229999542236,0.40478402,1
-41341,21705,0,5.806800007820128,2.916724,4
-41341,21705,1,3.9570000171661297,2.1914208,1
-41341,21705,2,4.03090000152587,1.9385182,1
-41341,21705,3,3.60150003433227,1.1787286,1
-41341,21705,4,3.49889993667602,0.97289515,1
-41341,21705,6,1.70500004291534,0.76356125,1
-41341,21705,7,2.98480010032653,0.67982745,1
-41341,21705,9,0.36469998955726,0.49751475,1
-41341,21705,10,0.29179999232292,0.47856092,1
-41341,21707,0,3.027974963188168,2.5304654,4
-41341,21707,1,2.5695999860763497,1.9410261,2
-41341,21707,3,0.97705000638961,1.0149155,2
-41341,21707,6,0.47350001335144,0.6235511,1
-41341,21707,7,0.30129998922348,0.54495263,1
-41341,21707,9,0.18940000236034,0.43419954,1
-41341,21708,0,3.17215001583099,2.4860344,2
-41341,21708,1,2.67720007896423,1.9652742,1
-41341,21708,3,1.04159998893737,0.9615679,1
-41341,21708,5,0.66280001401901,0.72970015,1
-41341,21708,8,0.33570000529289,0.5008711,1
-41340,21707,0,3.0731499195098797,2.556253,2
-41340,21707,1,2.49640011787414,1.8906007,1
-41340,21707,3,1.01579999923706,1.1826636,1
-41340,21707,6,0.34430000185966,0.6697868,1
-39541,19385,0,2.75399994850158,1.9750459,2
-39541,19385,1,2.09470009803771,1.5678958,1
-39541,19385,2,2.15590000152587,1.2021405,1
-39541,19385,4,1.26579999923706,0.78730917,1
-39541,19385,7,0.54809999465942,0.47100598,1
-39540,19385,0,2.443133354187007,2.1202085,3
-39540,19385,1,2.14849996566772,1.7151864,1
-39540,19385,2,1.6841999888420052,1.5168124,2
-39540,19385,3,1.05289995670318,1.0119742,1
-39540,19385,4,0.96310001611709,0.92365795,1
-39540,19385,5,0.68760001659393,0.7517155,1
-39540,19385,7,0.5345000028610201,0.5970908,1
-39540,19385,8,0.32159999012947,0.5432059,1
-39540,19385,11,0.21570000052452,0.47867268,1
-39540,19385,13,0.18389999866485,0.4573905,1
-39540,19385,16,0.25549998879432,0.4573905,1
-39540,19387,0,2.67760002613067,1.8147476,2
-39540,19387,1,2.29609990119934,1.6547012,1
-39540,19387,2,1.984099984169,1.3465004,1
-39540,19387,4,1.13800001144409,0.94020545,1
-39540,19387,7,0.57380002737045,0.60888815,1
-39517,19402,0,2.4718666871388666,2.1034966,3
-39517,19402,1,2.03290009498596,1.6322755,1
-39517,19402,2,1.96644991636276,1.4843969,2
-39517,19402,3,1.9232000112533496,0.95690465,1
-39517,19402,4,1.76209998130798,0.8505332,1
-39517,19402,6,0.97600001096725,0.6135957,1
-39517,19402,7,0.75599998235702,0.5086771,1
-39517,19402,9,0.59140002727508,0.43097454,1
-39517,19402,12,0.5533999800682,0.39996776,1
-39517,19402,15,0.2664999961853,0.39996776,1
-39517,19402,21,0.09749999642372,0.39996776,1
-39517,19403,0,2.191699981689445,2.1509862,2
-39517,19403,1,1.57430005073547,1.6917146,1
-39517,19403,2,1.65149998664855,1.3173072,1
-39517,19403,4,1.37750005722045,0.89740413,1
-39517,19403,7,0.50470000505447,0.54688954,1
-39517,19406,0,2.4559000730514446,2.017355,2
-39517,19406,1,1.94889998435974,1.5644422,1
-39517,19406,2,1.73609995841979,1.2058985,1
-39517,19406,4,1.13329994678497,0.8354035,1
-39517,19406,7,0.40329998731613,0.49114448,1
-39516,19403,0,2.464799976348874,1.6910766,5
-39516,19403,1,1.8657500147819501,1.4603145,2
-39516,19403,2,1.9135333299636768,1.277359,3
-39516,19403,4,1.441066662470493,0.8251111,3
-39516,19403,6,1.06180000305175,0.6769038,1
-39516,19403,7,0.554949998855585,0.47362608,2
-39516,19403,8,0.5654000043869,0.45247015,1
-39516,19403,12,0.47150000929832,0.41796255,1
-39516,19403,16,0.3068000078201199,0.41796255,1
-39516,19403,19,0.21230000257492,0.41796255,1
-39516,19404,0,1.97484993934631,1.4957207,2
-39516,19404,1,1.73629999160766,1.3298197,1
-39516,19404,2,0.9801999926567,1.0523283,1
-39516,19404,4,0.74599999189376,0.67968434,1
-39516,19404,7,0.3932000100612599,0.4108108,1
-39499,19393,0,3.0731500387191746,2.062029,2
-39499,19393,1,2.61100006103515,1.9297991,2
-39499,19393,2,1.87329995632171,1.3717885,1
-39499,19393,3,1.35549998283386,1.3302051,1
-39499,19393,4,0.90319997072219,0.9641489,1
-39499,19393,5,0.68349999189376,0.90821165,1
-39499,19393,7,0.547049999237055,0.63704205,2
-39499,19393,9,0.35269999504089,0.5101531,1
-39499,19393,12,0.3609000146389,0.46957913,1
-39499,19393,14,0.1904000043869,0.46957913,1
-39499,19393,19,0.15590000152587,0.46957913,1
-39497,19392,0,2.976350069046015,2.0592752,2
-39497,19392,1,2.11759996414184,1.862661,1
-39497,19392,2,1.23619997501373,1.3917929,1
-39497,19392,4,0.7537000179290699,0.9858506,1
-39497,19392,7,0.35949999094009,0.65274924,1
-39497,19393,0,2.87599992752075,2.0274172,2
-39497,19393,1,2.44700002670288,1.8113701,1
-39497,19393,2,1.71770000457763,1.359407,1
-39497,19393,4,0.92019999027252,0.9978287,1
-39497,19393,7,0.5015000104904099,0.6370751,1
-39281,19516,0,4.868749976158135,2.543964,2
-39281,19516,1,2.2836999893188397,1.2831639,1
-39281,19516,2,1.34109997749328,0.99737304,1
-39281,19516,4,1.34710001945495,0.651074,1
-39281,19516,7,0.5184999704360901,0.39777347,1
-39281,19517,0,5.138599872589103,2.6606212,3
-39281,19517,1,2.9946500062942447,1.2831639,2
-39281,19517,2,2.2925499677658,0.99737304,2
-39281,19517,4,1.2071999907493551,0.651074,2
-39281,19517,7,0.46220000088214497,0.39777347,2
-39197,19420,0,2.949480009078974,1.8259146,5
-39197,19420,1,2.3210000197092633,1.4615173,3
-39197,19420,2,1.9801666339238466,1.0704049,3
-39197,19420,3,1.4204500317573499,0.98516107,2
-39197,19420,5,1.13349997997283,0.67835355,1
-39197,19420,7,0.496149986982345,0.4896535,2
-39197,19420,8,0.52189999818801,0.4204963,1
-39197,19420,11,0.4760999977588599,0.37113383,1
-39197,19420,13,0.2664999961853,0.35139942,1
-39196,19422,0,2.631199979782102,1.8192472,5
-39196,19422,1,2.0327334006627336,1.7020274,3
-39196,19422,2,1.2637333075205468,1.5070953,3
-39196,19422,3,0.8239000042279533,1.2847902,3
-39196,19422,6,0.4990000128745999,0.7415576,1
-39196,19422,7,1.39789997041225,0.6738702,2
-39196,19422,9,0.2470999956130899,0.493909,1
-39196,19422,12,0.2347999960184,0.45919472,1
-35039,17057,0,2.16500002145767,2.8840609,2
-35039,17057,1,1.37000000476837,1.2319356,1
-35039,17057,3,0.51999998092651,0.7294361,1
-35039,17057,5,0.25999999046325,0.40676948,1
-35039,17057,8,0.31999999284744,0.2385205,1
-35036,17057,0,1.4700000286102226,1.607888,4
-35036,17057,1,0.9199999868869749,0.8951547,2
-35036,17057,3,0.38999998569488,0.484735,1
-35036,17057,4,0.23999999463558,0.39716452,1
-35036,17057,7,0.1400000005960399,0.18652576,1
-35036,17057,8,0.1400000005960399,0.1563936,1
-35035,17056,0,2.8666667044162697,2.370197,6
-35035,17056,1,1.409999966621395,1.058329,2
-35035,17056,2,0.41999998688697,0.74131525,1
-35035,17056,3,0.54000002145767,0.51799166,2
-35035,17056,5,0.23000000417232,0.31825504,1
-35035,17056,7,0.20000000298023,0.23217127,1
-35035,17056,8,0.19000000506638998,0.19163449,2
-35033,17052,0,1.4799999793370533,1.6219667,6
-35033,17052,1,0.9300000369548751,0.8584888,2
-35033,17052,2,0.6700000166893,0.7669743,1
-35033,17052,3,0.6499999910593,0.5407265,2
-35033,17052,4,0.2199999988079,0.35423082,1
-35033,17052,7,0.204999998211855,0.20248896,2
-35033,17052,8,0.23000000417232,0.16883433,1
-35033,17053,0,1.8483333388964285,2.3215415,6
-35033,17053,1,0.97499999403953,1.1449515,2
-35033,17053,2,0.6200000047683699,0.88199186,1
-35033,17053,3,0.590000003576275,0.5369838,2
-35033,17053,4,0.38999998569488,0.43288696,1
-35033,17053,7,0.19499999284743502,0.21901989,2
-35033,17053,8,0.1500000059604599,0.21226273,1
-35031,17051,0,1.8966666658719333,2.2133553,6
-35031,17051,2,1.5733333428700733,0.7297209,3
-35031,17051,5,0.5899999886751149,0.32374147,2
-35031,17051,6,0.4399999976158099,0.27808732,1
-35031,17051,7,0.68999999761581,0.21110523,1
-35031,17051,8,0.51999998092651,0.16901849,2
-35031,17051,9,0.3400000035762699,0.16840692,1
-35031,17055,0,1.7583333353201482,2.854781,6
-35031,17055,1,0.70666666825612,1.2470571,3
-35031,17055,2,0.7200000286102199,0.92403114,1
-35031,17055,3,0.6049999892711599,0.7818705,2
-35031,17055,6,0.24000000953673994,0.38728023,2
-35030,17052,0,3.5700000226497632,2.6255374,4
-35030,17052,2,0.43000000715255493,0.81537527,2
-35030,17052,5,0.179999999701975,0.39841652,2
-35030,17052,8,0.12500000372528491,0.20565215,2
-32174,20536,0,5.645629607499999,4.963952,2
-32174,20536,1,1.59431540966033,2.396737,1
-32174,20536,2,0.777297209,1.2865609,1
-32174,20536,4,0.529595599,0.6683244,1
-32174,20536,5,0.341156403,0.38204232,1
-32173,20537,0,9.57982335,5.385236,4
-32173,20537,1,3.222097764,2.2960608,2
-32173,20537,3,0.9760782535000001,1.1186186,2
-32173,20537,4,0.726544751,0.7788441,1
-32173,20537,5,0.496163961499995,0.50253856,2
-32173,20537,7,0.3944773179999999,0.34772706,1
-32173,20537,10,0.282204515,0.2826504,1
-32172,20536,0,5.77675248,5.0247345,2
-32172,20536,1,1.7193932589999998,2.166611,1
-32172,20536,3,0.498345573,0.8320002,1
-32172,20536,5,0.355003811,0.50776774,1
-32172,20536,7,0.227165749,0.40775293,1
-32172,20536,8,0.2410333529999999,0.31996188,1
-32167,20535,0,8.50060154125,4.5136395,4
-32167,20535,1,4.86635970799999,2.3996048,2
-32167,20535,2,0.948840849,1.7394263,1
-32167,20535,3,1.207888611,1.1405357,1
-32167,20535,4,0.475505136,0.6808636,1
-32167,20535,5,0.49210928199999,0.4741701,1
-32167,20535,8,0.278990781,0.30385944,1
-32167,20535,10,0.2752313939999999,0.26479855,1
-32166,20535,0,4.708890418499998,5.235403,4
-32166,20535,1,0.808262236,2.5934277,1
-32166,20535,2,1.565592414,2.1010613,1
-32166,20535,4,0.587295329,0.8909906,1
-32166,20535,6,0.35386000499999,0.492985,1
-32166,20535,9,0.276627219,0.36142004,1
-32165,20496,0,3.319781707399997,3.2510629,10
-32165,20496,1,1.9553780933333333,2.3062053,3
-32165,20496,2,0.9718877907499975,1.6342709,4
-32165,20496,3,0.621236592599996,0.89320767,5
-32165,20496,4,0.39279621337376003,0.5877131,4
-32165,20496,5,0.24769505858421,0.45117563,1
-32165,20496,6,0.159286397,0.36606404,1
-32165,20496,7,0.241645804,0.3380698,1
-32165,20496,8,0.23357184231281,0.25542414,1
-32165,20496,10,0.232326585,0.24826166,1
-32163,20522,0,3.505110515499999,4.2366824,12
-32163,20522,1,2.72261531083333,1.8973732,6
-32163,20522,2,0.7844743946666667,1.2626871,3
-32163,20522,3,0.7456313301811267,0.997622,3
-32163,20522,4,0.4369866825,0.65787697,4
-32163,20522,5,0.252476742,0.45847282,1
-32163,20522,6,0.5595900555,0.39377365,2
-32163,20522,7,0.233935688,0.34231138,2
-32163,20522,8,0.2291529973333333,0.31077734,3
-32163,20522,9,0.21097260699999995,0.26089126,2
-32163,20522,10,0.11456611933333334,0.25091177,3
-32145,20524,0,3.5030737584999976,5.334987,4
-32145,20524,1,1.585302854,2.0968914,1
-32145,20524,2,1.487573099,1.4847873,1
-32145,20524,3,1.721872947,0.9512065,1
-32145,20524,4,0.511138236,0.711841,1
-32145,20524,5,0.664276677,0.60043645,1
-32145,20524,6,0.396488806,0.46116856,1
-32145,20524,8,0.14923554899999,0.3407553,1
-32144,20523,0,2.8108763945,5.1807475,2
-32144,20523,1,2.6390568319999996,2.1648798,1
-32144,20523,3,0.6838367359999901,0.94235694,1
-32144,20523,5,0.328016852,0.45344278,1
-32144,20523,8,0.303083163,0.34599832,1
-32144,20523,10,0.209386168,0.30429527,1
-32144,20524,0,4.911799961,5.1807475,2
-32144,20524,1,3.14162539,2.3404777,1
-32144,20524,3,0.795029977,1.1650071,1
-32144,20524,4,0.528499763,0.65388024,1
-32049,20623,0,2.8718551494999978,2.8118424,10
-32049,20623,1,2.383247174,2.0600476,1
-32049,20623,2,1.9442024405,1.5213077,4
-32049,20623,3,0.706508901,0.9134857,1
-32049,20623,4,0.7640719945000001,0.6340892,4
-32049,20623,5,0.552285444,0.38039842,1
-32049,20623,6,0.4872179259999999,0.3518912,1
-32049,20623,7,0.458093309,0.3230454,1
-32049,20623,8,0.2692011869999999,0.24629532,1
-32049,20623,9,0.215061047,0.24063954,1
